Workbook

Sheet پارامترها
A1: پارامترهای محاسبه بهای تمام‌شده واردات
A2: کالاها از دبی خریداری، به بندرعباس حمل و از آنجا به تهران منتقل می‌شوند.
A4: ۱ — نرخ ارز (بازار آزاد)
A5: دلار آمریکا → ریال | B5: 1150000 | C5: نرخ بازار آزاد. نرخ رسمی/نیما را وارد نکنید.
A6: درهم امارات → ریال | B6: 313138 | C6: مبنای اصلی همه محاسبات خرید. از صرافی بگیرید.
A7: دلار → درهم (نرخ میخکوب) | B7: 3.6725 | C7: درهم به دلار میخکوب است و تقریباً ثابت می‌ماند.
A8: درهم بر حسب دلار (کنترلی) | B8: =پارامترها!$B$5/پارامترها!$B$7 -> 313138.19 | C8: اگر با سلول B6 اختلاف زیاد دارد، یکی از نرخ‌ها اشتباه است.
A9: نرخ درهم در روز خرید محموله | B9: 313138 | C9: برای سنجش ریسک ارزی در شیت «خلاصه» استفاده می‌شود.
A10: تاریخ و منبع نرخ | B10: دستی | C10: مثلاً: ۱۴۰۵/۰۵/۱۶ — صرافی/tgju
A12: ۲ — پارامترهای محموله
A13: کرایه دبی ← بندرعباس (درهم بر کیلوگرم) | B13: 2.5 | C13: حمل دریایی گروپاژ. حمل هوایی چند برابر است.
A14: بیمه (٪ ارزش کالا) | B14: 0.005
A15: حقوق ورودی گمرک (٪ ارزش CIF) | B15: 0.4 | C15: برای لوازم آرایشی معمولاً بالاست — از ترخیص‌کار خود بگیرید.
A16: حمل بندرعباس ← تهران (ریال بر کیلوگرم) | B16: 120000
A17: ترخیص، انبارداری و اسناد (ریال — کل محموله) | B17: 900000000
A18: سایر هزینه‌های محموله (ریال — کل محموله) | B18: 450000000 | C18: مجوز، برچسب اصالت، آزمایشگاه، حق‌العمل
A19: جمع هزینه‌های مقطوع محموله | B19: =پارامترها!$B$17+پارامترها!$B$18 -> 1350000000 | C19: این مبلغ بین کالاها سرشکن می‌شود.
A20: مبنای سرشکن‌کردن هزینه‌های مقطوع | B20: وزن | C20: «وزن» یا «ارزش» — از فهرست کشویی انتخاب کنید.
A21: ارزش افزوده (٪) | B21: 0.1
A22: ارزش افزوده گمرک جزو بهای تمام‌شده است؟ | B22: خیر | C22: اگر مؤدی ثبت‌نام‌شده هستید «خیر» (با VAT فروش تهاتر می‌شود).
A24: راهنمای رنگ‌ها
A25: متن آبی روی زمینه زرد = سلول ورودی؛ فقط این‌ها را تغییر دهید.
A26: متن سیاه = فرمول؛ دست نزنید.
A27: متن سبز = ارجاع به شیت دیگر.
A29: هشدار درباره نرخ ارز
A30: سرویس‌های عمومی ارز (Google، exchangerate و مانند آن) نرخ «رسمی» ریال را می‌دهند، نه نرخ «بازار آزاد».
A31: اگر بهای تمام‌شده را با نرخ رسمی حساب کنید، عدد چند برابر کمتر از واقعیت درمی‌آید و کالا را زیر قیمت می‌فروشید.
A32: همیشه نرخ آزاد روز را از صرافی یا بازار بگیرید و در سلول B6 وارد کنید.

Sheet کالاها
A1: بهای تمام‌شده و سود هر کالا
A2: فقط ستون‌های آبی/زرد (A تا I) را پر کنید؛ بقیه خودکار محاسبه می‌شوند.
A4: نام محصول | B4: قیمت خرید هر واحد (درهم) | C4: تعداد | D4: وزن کل (کیلوگرم) | E4: هزینه جانبی هر واحد (ریال) | F4: قیمت روز بازار تهران (ریال) | G4: قیمت فروش من (ریال، با VAT) | H4: هزینه فروش (٪) | I4: روز خرید تا فروش | J4: ارزش کالا FOB (ریال) | K4: کرایه دریایی (ریال) | L4: بیمه (ریال) | M4: ارزش CIF (ریال) | N4: حقوق ورودی گمرک (ریال) | O4: حمل داخلی (ریال) | P4: سهم از هزینه‌های مقطوع (ریال) | Q4: هزینه جانبی کل (ریال) | R4: ارزش افزوده گمرک (ریال) | S4: بهای تمام‌شده کل (ریال) | T4: بهای تمام‌شده هر واحد (ریال) | U4: فروش خالص هر واحد (ریال) | V4: هزینه فروش هر واحد (ریال) | W4: سود هر واحد (ریال) | X4: حاشیه سود (٪) | Y4: سود کل ردیف (ریال) | Z4: نقطه سربه‌سر قیمت فروش (ریال) | AA4: نرخ درهم سربه‌سر (ریال) | AB4: حاشیه امنیت ارزی (٪) | AC4: بازده سالانه‌شده (٪) | AD4: فاصله تا بازار تهران (٪) | AE4: ضریب ارزی A (کمکی) | AF4: ثابت ریالی B (کمکی) | AG4: سود در دسترس (کمکی)
A5: کرم پودر (۳۰ میلی‌لیتر) | B5: 32 | C5: 600 | D5: 42 | E5: 400000 | F5: 40600000 | G5: 37600000 | H5: 0.12 | I5: 75 | J5: =IF($A5="","",$B5*$C5*پارامترها!$B$6) -> 6012249600 | K5: =IF($A5="","",$D5*پارامترها!$B$13*پارامترها!$B$6) -> 32879490 | L5: =IF($A5="","",$J5*پارامترها!$B$14) -> 30061248 | M5: =IF($A5="","",$J5+$K5+$L5) -> 6075190338 | N5: =IF($A5="","",$M5*پارامترها!$B$15) -> 2.4300761e+09 | O5: =IF($A5="","",$D5*پارامترها!$B$16) -> 5040000 | P5: =IF($A5="","",پارامترها!$B$19*IF(پارامترها!$B$20="وزن",IF(SUM($D$5:$D$29)=0,0,$D5/SUM($D$5:$D$29)),IF(SUMPRODUCT($B$5:$B$29,$C$5:$C$29)=0,0,$B5*$C5/SUMPRODUCT($B$5:$B$29,$C$5:$C$29)))) -> 3.3352941e+08 | Q5: =IF($A5="","",$E5*$C5) -> 240000000 | R5: =IF($A5="","",($M5+$N5)*پارامترها!$B$21) -> 8.5052665e+08 | S5: =IF($A5="","",$J5+$K5+$L5+$N5+$O5+$P5+$Q5+IF(پارامترها!$B$22="بله",$R5,0)) -> 9.0838359e+09 | T5: =IF($A5="","",IF($C5=0,0,$S5/$C5)) -> 15139726 | U5: =IF($A5="","",$G5/(1+پارامترها!$B$21)) -> 34181818 | V5: =IF($A5="","",$U5*$H5) -> 4101818.2 | W5: =IF($A5="","",$U5-$T5-$V5) -> 14940274 | X5: =IF($A5="","",IF($U5=0,0,$W5/$U5)) -> 0.43708247 | Y5: =IF($A5="","",$W5*$C5) -> 8.9641641e+09 | Z5: =IF($A5="","",IF($H5>=1,0,$T5/(1-$H5)*(1+پارامترها!$B$21))) -> 18924658 | AA5: =IF($A5="","",IF($AE5=0,0,($AG5-$AF5)/$AE5)) -> 643171.21 | AB5: =IF($A5="","",IF(پارامترها!$B$6=0,0,($AA5-پارامترها!$B$6)/پارامترها!$B$6)) -> 1.0539545 | AC5: =IF($A5="","",IF(OR($S5=0,$I5=0),0,$Y5/$S5*365/$I5)) -> 4.8025525 | AD5: =IF($A5="","",IF($F5=0,0,($G5-$F5)/$F5)) -> -0.073891626 | AE5: =IF($A5="","",($B5*$C5*(1+پارامترها!$B$14)+$D5*پارامترها!$B$13)*(1+پارامترها!$B$15)*IF(پارامترها!$B$22="بله",1+پارامترها!$B$21,1)) -> 27161.4 | AF5: =IF($A5="","",$O5+$P5+$Q5) -> 5.7856941e+08 | AG5: =IF($A5="","",($U5-$V5)*$C5) -> 18048000000
A6: رژ لب مایع | B6: 14 | C6: 1200 | D6: 30 | E6: 250000 | F6: 17700000 | G6: 16400000 | H6: 0.12 | I6: 60 | J6: =IF($A6="","",$B6*$C6*پارامترها!$B$6) -> 5260718400 | K6: =IF($A6="","",$D6*پارامترها!$B$13*پارامترها!$B$6) -> 23485350 | L6: =IF($A6="","",$J6*پارامترها!$B$14) -> 26303592 | M6: =IF($A6="","",$J6+$K6+$L6) -> 5310507342 | N6: =IF($A6="","",$M6*پارامترها!$B$15) -> 2.1242029e+09 | O6: =IF($A6="","",$D6*پارامترها!$B$16) -> 3600000 | P6: =IF($A6="","",پارامترها!$B$19*IF(پارامترها!$B$20="وزن",IF(SUM($D$5:$D$29)=0,0,$D6/SUM($D$5:$D$29)),IF(SUMPRODUCT($B$5:$B$29,$C$5:$C$29)=0,0,$B6*$C6/SUMPRODUCT($B$5:$B$29,$C$5:$C$29)))) -> 2.3823529e+08 | Q6: =IF($A6="","",$E6*$C6) -> 300000000 | R6: =IF($A6="","",($M6+$N6)*پارامترها!$B$21) -> 7.4347103e+08 | S6: =IF($A6="","",$J6+$K6+$L6+$N6+$O6+$P6+$Q6+IF(پارامترها!$B$22="بله",$R6,0)) -> 7.9765456e+09 | T6: =IF($A6="","",IF($C6=0,0,$S6/$C6)) -> 6647121.3 | U6: =IF($A6="","",$G6/(1+پارامترها!$B$21)) -> 14909091 | V6: =IF($A6="","",$U6*$H6) -> 1789090.9 | W6: =IF($A6="","",$U6-$T6-$V6) -> 6472878.7 | X6: =IF($A6="","",IF($U6=0,0,$W6/$U6)) -> 0.4341565 | Y6: =IF($A6="","",$W6*$C6) -> 7.7674544e+09 | Z6: =IF($A6="","",IF($H6>=1,0,$T6/(1-$H6)*(1+پارامترها!$B$21))) -> 8308901.6 | AA6: =IF($A6="","",IF($AE6=0,0,($AG6-$AF6)/$AE6)) -> 640290.65 | AB6: =IF($A6="","",IF(پارامترها!$B$6=0,0,($AA6-پارامترها!$B$6)/پارامترها!$B$6)) -> 1.0447555 | AC6: =IF($A6="","",IF(OR($S6=0,$I6=0),0,$Y6/$S6*365/$I6)) -> 5.9238694 | AD6: =IF($A6="","",IF($F6=0,0,($G6-$F6)/$F6)) -> -0.073446328 | AE6: =IF($A6="","",($B6*$C6*(1+پارامترها!$B$14)+$D6*پارامترها!$B$13)*(1+پارامترها!$B$15)*IF(پارامترها!$B$22="بله",1+پارامترها!$B$21,1)) -> 23742.6 | AF6: =IF($A6="","",$O6+$P6+$Q6) -> 5.4183529e+08 | AG6: =IF($A6="","",($U6-$V6)*$C6) -> 15744000000
A7: پالت سایه چشم | B7: 48 | C7: 300 | D7: 39 | E7: 500000 | F7: 61500000 | G7: 56900000 | H7: 0.15 | I7: 110 | J7: =IF($A7="","",$B7*$C7*پارامترها!$B$6) -> 4509187200 | K7: =IF($A7="","",$D7*پارامترها!$B$13*پارامترها!$B$6) -> 30530955 | L7: =IF($A7="","",$J7*پارامترها!$B$14) -> 22545936 | M7: =IF($A7="","",$J7+$K7+$L7) -> 4562264091 | N7: =IF($A7="","",$M7*پارامترها!$B$15) -> 1.8249056e+09 | O7: =IF($A7="","",$D7*پارامترها!$B$16) -> 4680000 | P7: =IF($A7="","",پارامترها!$B$19*IF(پارامترها!$B$20="وزن",IF(SUM($D$5:$D$29)=0,0,$D7/SUM($D$5:$D$29)),IF(SUMPRODUCT($B$5:$B$29,$C$5:$C$29)=0,0,$B7*$C7/SUMPRODUCT($B$5:$B$29,$C$5:$C$29)))) -> 3.0970588e+08 | Q7: =IF($A7="","",$E7*$C7) -> 150000000 | R7: =IF($A7="","",($M7+$N7)*پارامترها!$B$21) -> 6.3871697e+08 | S7: =IF($A7="","",$J7+$K7+$L7+$N7+$O7+$P7+$Q7+IF(پارامترها!$B$22="بله",$R7,0)) -> 6.8515556e+09 | T7: =IF($A7="","",IF($C7=0,0,$S7/$C7)) -> 22838519 | U7: =IF($A7="","",$G7/(1+پارامترها!$B$21)) -> 51727273 | V7: =IF($A7="","",$U7*$H7) -> 7759090.9 | W7: =IF($A7="","",$U7-$T7-$V7) -> 21129663 | X7: =IF($A7="","",IF($U7=0,0,$W7/$U7)) -> 0.40848206 | Y7: =IF($A7="","",$W7*$C7) -> 6.3388989e+09 | Z7: =IF($A7="","",IF($H7>=1,0,$T7/(1-$H7)*(1+پارامترها!$B$21))) -> 29555730 | AA7: =IF($A7="","",IF($AE7=0,0,($AG7-$AF7)/$AE7)) -> 623909.47 | AB7: =IF($A7="","",IF(پارامترها!$B$6=0,0,($AA7-پارامترها!$B$6)/پارامترها!$B$6)) -> 0.99244254 | AC7: =IF($A7="","",IF(OR($S7=0,$I7=0),0,$Y7/$S7*365/$I7)) -> 3.0699042 | AD7: =IF($A7="","",IF($F7=0,0,($G7-$F7)/$F7)) -> -0.074796748 | AE7: =IF($A7="","",($B7*$C7*(1+پارامترها!$B$14)+$D7*پارامترها!$B$13)*(1+پارامترها!$B$15)*IF(پارامترها!$B$22="بله",1+پارامترها!$B$21,1)) -> 20397.3 | AF7: =IF($A7="","",$O7+$P7+$Q7) -> 4.6438588e+08 | AG7: =IF($A7="","",($U7-$V7)*$C7) -> 1.3190455e+10
A8: سرم ویتامین ث (۳۰ میلی‌لیتر) | B8: 55 | C8: 400 | D8: 32 | E8: 450000 | F8: 68700000 | G8: 63600000 | H8: 0.1 | I8: 90 | J8: =IF($A8="","",$B8*$C8*پارامترها!$B$6) -> 6889036000 | K8: =IF($A8="","",$D8*پارامترها!$B$13*پارامترها!$B$6) -> 25051040 | L8: =IF($A8="","",$J8*پارامترها!$B$14) -> 34445180 | M8: =IF($A8="","",$J8+$K8+$L8) -> 6948532220 | N8: =IF($A8="","",$M8*پارامترها!$B$15) -> 2779412888 | O8: =IF($A8="","",$D8*پارامترها!$B$16) -> 3840000 | P8: =IF($A8="","",پارامترها!$B$19*IF(پارامترها!$B$20="وزن",IF(SUM($D$5:$D$29)=0,0,$D8/SUM($D$5:$D$29)),IF(SUMPRODUCT($B$5:$B$29,$C$5:$C$29)=0,0,$B8*$C8/SUMPRODUCT($B$5:$B$29,$C$5:$C$29)))) -> 2.5411765e+08 | Q8: =IF($A8="","",$E8*$C8) -> 180000000 | R8: =IF($A8="","",($M8+$N8)*پارامترها!$B$21) -> 9.7279451e+08 | S8: =IF($A8="","",$J8+$K8+$L8+$N8+$O8+$P8+$Q8+IF(پارامترها!$B$22="بله",$R8,0)) -> 1.0165903e+10 | T8: =IF($A8="","",IF($C8=0,0,$S8/$C8)) -> 25414757 | U8: =IF($A8="","",$G8/(1+پارامترها!$B$21)) -> 57818182 | V8: =IF($A8="","",$U8*$H8) -> 5781818.2 | W8: =IF($A8="","",$U8-$T8-$V8) -> 26621607 | X8: =IF($A8="","",IF($U8=0,0,$W8/$U8)) -> 0.46043659 | Y8: =IF($A8="","",$W8*$C8) -> 1.0648643e+10 | Z8: =IF($A8="","",IF($H8>=1,0,$T8/(1-$H8)*(1+پارامترها!$B$21))) -> 31062481 | AA8: =IF($A8="","",IF($AE8=0,0,($AG8-$AF8)/$AE8)) -> 655912.82 | AB8: =IF($A8="","",IF(پارامترها!$B$6=0,0,($AA8-پارامترها!$B$6)/پارامترها!$B$6)) -> 1.0946446 | AC8: =IF($A8="","",IF(OR($S8=0,$I8=0),0,$Y8/$S8*365/$I8)) -> 4.2481384 | AD8: =IF($A8="","",IF($F8=0,0,($G8-$F8)/$F8)) -> -0.074235808 | AE8: =IF($A8="","",($B8*$C8*(1+پارامترها!$B$14)+$D8*پارامترها!$B$13)*(1+پارامترها!$B$15)*IF(پارامترها!$B$22="بله",1+پارامترها!$B$21,1)) -> 31066 | AF8: =IF($A8="","",$O8+$P8+$Q8) -> 4.3795765e+08 | AG8: =IF($A8="","",($U8-$V8)*$C8) -> 2.0814545e+10
A9: ریمل حجم‌دهنده | B9: 18 | C9: 900 | D9: 27 | E9: 300000 | F9: 22700000 | G9: 21000000 | H9: 0.12 | I9: 65 | J9: =IF($A9="","",$B9*$C9*پارامترها!$B$6) -> 5072835600 | K9: =IF($A9="","",$D9*پارامترها!$B$13*پارامترها!$B$6) -> 21136815 | L9: =IF($A9="","",$J9*پارامترها!$B$14) -> 25364178 | M9: =IF($A9="","",$J9+$K9+$L9) -> 5119336593 | N9: =IF($A9="","",$M9*پارامترها!$B$15) -> 2.0477346e+09 | O9: =IF($A9="","",$D9*پارامترها!$B$16) -> 3240000 | P9: =IF($A9="","",پارامترها!$B$19*IF(پارامترها!$B$20="وزن",IF(SUM($D$5:$D$29)=0,0,$D9/SUM($D$5:$D$29)),IF(SUMPRODUCT($B$5:$B$29,$C$5:$C$29)=0,0,$B9*$C9/SUMPRODUCT($B$5:$B$29,$C$5:$C$29)))) -> 2.1441176e+08 | Q9: =IF($A9="","",$E9*$C9) -> 270000000 | R9: =IF($A9="","",($M9+$N9)*پارامترها!$B$21) -> 7.1670712e+08 | S9: =IF($A9="","",$J9+$K9+$L9+$N9+$O9+$P9+$Q9+IF(پارامترها!$B$22="بله",$R9,0)) -> 7.654723e+09 | T9: =IF($A9="","",IF($C9=0,0,$S9/$C9)) -> 8505247.8 | U9: =IF($A9="","",$G9/(1+پارامترها!$B$21)) -> 19090909 | V9: =IF($A9="","",$U9*$H9) -> 2290909.1 | W9: =IF($A9="","",$U9-$T9-$V9) -> 8294752.2 | X9: =IF($A9="","",IF($U9=0,0,$W9/$U9)) -> 0.43448702 | Y9: =IF($A9="","",$W9*$C9) -> 7.465277e+09 | Z9: =IF($A9="","",IF($H9>=1,0,$T9/(1-$H9)*(1+پارامترها!$B$21))) -> 10631560 | AA9: =IF($A9="","",IF($AE9=0,0,($AG9-$AF9)/$AE9)) -> 639304.97 | AB9: =IF($A9="","",IF(پارامترها!$B$6=0,0,($AA9-پارامترها!$B$6)/پارامترها!$B$6)) -> 1.0416078 | AC9: =IF($A9="","",IF(OR($S9=0,$I9=0),0,$Y9/$S9*365/$I9)) -> 5.47641 | AD9: =IF($A9="","",IF($F9=0,0,($G9-$F9)/$F9)) -> -0.074889868 | AE9: =IF($A9="","",($B9*$C9*(1+پارامترها!$B$14)+$D9*پارامترها!$B$13)*(1+پارامترها!$B$15)*IF(پارامترها!$B$22="بله",1+پارامترها!$B$21,1)) -> 22887.9 | AF9: =IF($A9="","",$O9+$P9+$Q9) -> 4.8765176e+08 | AG9: =IF($A9="","",($U9-$V9)*$C9) -> 15120000000
J10: =IF($A10="","",$B10*$C10*پارامترها!$B$6) | K10: =IF($A10="","",$D10*پارامترها!$B$13*پارامترها!$B$6) | L10: =IF($A10="","",$J10*پارامترها!$B$14) | M10: =IF($A10="","",$J10+$K10+$L10) | N10: =IF($A10="","",$M10*پارامترها!$B$15) | O10: =IF($A10="","",$D10*پارامترها!$B$16) | P10: =IF($A10="","",پارامترها!$B$19*IF(پارامترها!$B$20="وزن",IF(SUM($D$5:$D$29)=0,0,$D10/SUM($D$5:$D$29)),IF(SUMPRODUCT($B$5:$B$29,$C$5:$C$29)=0,0,$B10*$C10/SUMPRODUCT($B$5:$B$29,$C$5:$C$29)))) | Q10: =IF($A10="","",$E10*$C10) | R10: =IF($A10="","",($M10+$N10)*پارامترها!$B$21) | S10: =IF($A10="","",$J10+$K10+$L10+$N10+$O10+$P10+$Q10+IF(پارامترها!$B$22="بله",$R10,0)) | T10: =IF($A10="","",IF($C10=0,0,$S10/$C10)) | U10: =IF($A10="","",$G10/(1+پارامترها!$B$21)) | V10: =IF($A10="","",$U10*$H10) | W10: =IF($A10="","",$U10-$T10-$V10) | X10: =IF($A10="","",IF($U10=0,0,$W10/$U10)) | Y10: =IF($A10="","",$W10*$C10) | Z10: =IF($A10="","",IF($H10>=1,0,$T10/(1-$H10)*(1+پارامترها!$B$21))) | AA10: =IF($A10="","",IF($AE10=0,0,($AG10-$AF10)/$AE10)) | AB10: =IF($A10="","",IF(پارامترها!$B$6=0,0,($AA10-پارامترها!$B$6)/پارامترها!$B$6)) | AC10: =IF($A10="","",IF(OR($S10=0,$I10=0),0,$Y10/$S10*365/$I10)) | AD10: =IF($A10="","",IF($F10=0,0,($G10-$F10)/$F10)) | AE10: =IF($A10="","",($B10*$C10*(1+پارامترها!$B$14)+$D10*پارامترها!$B$13)*(1+پارامترها!$B$15)*IF(پارامترها!$B$22="بله",1+پارامترها!$B$21,1)) | AF10: =IF($A10="","",$O10+$P10+$Q10) | AG10: =IF($A10="","",($U10-$V10)*$C10)
J11: =IF($A11="","",$B11*$C11*پارامترها!$B$6) | K11: =IF($A11="","",$D11*پارامترها!$B$13*پارامترها!$B$6) | L11: =IF($A11="","",$J11*پارامترها!$B$14) | M11: =IF($A11="","",$J11+$K11+$L11) | N11: =IF($A11="","",$M11*پارامترها!$B$15) | O11: =IF($A11="","",$D11*پارامترها!$B$16) | P11: =IF($A11="","",پارامترها!$B$19*IF(پارامترها!$B$20="وزن",IF(SUM($D$5:$D$29)=0,0,$D11/SUM($D$5:$D$29)),IF(SUMPRODUCT($B$5:$B$29,$C$5:$C$29)=0,0,$B11*$C11/SUMPRODUCT($B$5:$B$29,$C$5:$C$29)))) | Q11: =IF($A11="","",$E11*$C11) | R11: =IF($A11="","",($M11+$N11)*پارامترها!$B$21) | S11: =IF($A11="","",$J11+$K11+$L11+$N11+$O11+$P11+$Q11+IF(پارامترها!$B$22="بله",$R11,0)) | T11: =IF($A11="","",IF($C11=0,0,$S11/$C11)) | U11: =IF($A11="","",$G11/(1+پارامترها!$B$21)) | V11: =IF($A11="","",$U11*$H11) | W11: =IF($A11="","",$U11-$T11-$V11) | X11: =IF($A11="","",IF($U11=0,0,$W11/$U11)) | Y11: =IF($A11="","",$W11*$C11) | Z11: =IF($A11="","",IF($H11>=1,0,$T11/(1-$H11)*(1+پارامترها!$B$21))) | AA11: =IF($A11="","",IF($AE11=0,0,($AG11-$AF11)/$AE11)) | AB11: =IF($A11="","",IF(پارامترها!$B$6=0,0,($AA11-پارامترها!$B$6)/پارامترها!$B$6)) | AC11: =IF($A11="","",IF(OR($S11=0,$I11=0),0,$Y11/$S11*365/$I11)) | AD11: =IF($A11="","",IF($F11=0,0,($G11-$F11)/$F11)) | AE11: =IF($A11="","",($B11*$C11*(1+پارامترها!$B$14)+$D11*پارامترها!$B$13)*(1+پارامترها!$B$15)*IF(پارامترها!$B$22="بله",1+پارامترها!$B$21,1)) | AF11: =IF($A11="","",$O11+$P11+$Q11) | AG11: =IF($A11="","",($U11-$V11)*$C11)
J12: =IF($A12="","",$B12*$C12*پارامترها!$B$6) | K12: =IF($A12="","",$D12*پارامترها!$B$13*پارامترها!$B$6) | L12: =IF($A12="","",$J12*پارامترها!$B$14) | M12: =IF($A12="","",$J12+$K12+$L12) | N12: =IF($A12="","",$M12*پارامترها!$B$15) | O12: =IF($A12="","",$D12*پارامترها!$B$16) | P12: =IF($A12="","",پارامترها!$B$19*IF(پارامترها!$B$20="وزن",IF(SUM($D$5:$D$29)=0,0,$D12/SUM($D$5:$D$29)),IF(SUMPRODUCT($B$5:$B$29,$C$5:$C$29)=0,0,$B12*$C12/SUMPRODUCT($B$5:$B$29,$C$5:$C$29)))) | Q12: =IF($A12="","",$E12*$C12) | R12: =IF($A12="","",($M12+$N12)*پارامترها!$B$21) | S12: =IF($A12="","",$J12+$K12+$L12+$N12+$O12+$P12+$Q12+IF(پارامترها!$B$22="بله",$R12,0)) | T12: =IF($A12="","",IF($C12=0,0,$S12/$C12)) | U12: =IF($A12="","",$G12/(1+پارامترها!$B$21)) | V12: =IF($A12="","",$U12*$H12) | W12: =IF($A12="","",$U12-$T12-$V12) | X12: =IF($A12="","",IF($U12=0,0,$W12/$U12)) | Y12: =IF($A12="","",$W12*$C12) | Z12: =IF($A12="","",IF($H12>=1,0,$T12/(1-$H12)*(1+پارامترها!$B$21))) | AA12: =IF($A12="","",IF($AE12=0,0,($AG12-$AF12)/$AE12)) | AB12: =IF($A12="","",IF(پارامترها!$B$6=0,0,($AA12-پارامترها!$B$6)/پارامترها!$B$6)) | AC12: =IF($A12="","",IF(OR($S12=0,$I12=0),0,$Y12/$S12*365/$I12)) | AD12: =IF($A12="","",IF($F12=0,0,($G12-$F12)/$F12)) | AE12: =IF($A12="","",($B12*$C12*(1+پارامترها!$B$14)+$D12*پارامترها!$B$13)*(1+پارامترها!$B$15)*IF(پارامترها!$B$22="بله",1+پارامترها!$B$21,1)) | AF12: =IF($A12="","",$O12+$P12+$Q12) | AG12: =IF($A12="","",($U12-$V12)*$C12)
J13: =IF($A13="","",$B13*$C13*پارامترها!$B$6) | K13: =IF($A13="","",$D13*پارامترها!$B$13*پارامترها!$B$6) | L13: =IF($A13="","",$J13*پارامترها!$B$14) | M13: =IF($A13="","",$J13+$K13+$L13) | N13: =IF($A13="","",$M13*پارامترها!$B$15) | O13: =IF($A13="","",$D13*پارامترها!$B$16) | P13: =IF($A13="","",پارامترها!$B$19*IF(پارامترها!$B$20="وزن",IF(SUM($D$5:$D$29)=0,0,$D13/SUM($D$5:$D$29)),IF(SUMPRODUCT($B$5:$B$29,$C$5:$C$29)=0,0,$B13*$C13/SUMPRODUCT($B$5:$B$29,$C$5:$C$29)))) | Q13: =IF($A13="","",$E13*$C13) | R13: =IF($A13="","",($M13+$N13)*پارامترها!$B$21) | S13: =IF($A13="","",$J13+$K13+$L13+$N13+$O13+$P13+$Q13+IF(پارامترها!$B$22="بله",$R13,0)) | T13: =IF($A13="","",IF($C13=0,0,$S13/$C13)) | U13: =IF($A13="","",$G13/(1+پارامترها!$B$21)) | V13: =IF($A13="","",$U13*$H13) | W13: =IF($A13="","",$U13-$T13-$V13) | X13: =IF($A13="","",IF($U13=0,0,$W13/$U13)) | Y13: =IF($A13="","",$W13*$C13) | Z13: =IF($A13="","",IF($H13>=1,0,$T13/(1-$H13)*(1+پارامترها!$B$21))) | AA13: =IF($A13="","",IF($AE13=0,0,($AG13-$AF13)/$AE13)) | AB13: =IF($A13="","",IF(پارامترها!$B$6=0,0,($AA13-پارامترها!$B$6)/پارامترها!$B$6)) | AC13: =IF($A13="","",IF(OR($S13=0,$I13=0),0,$Y13/$S13*365/$I13)) | AD13: =IF($A13="","",IF($F13=0,0,($G13-$F13)/$F13)) | AE13: =IF($A13="","",($B13*$C13*(1+پارامترها!$B$14)+$D13*پارامترها!$B$13)*(1+پارامترها!$B$15)*IF(پارامترها!$B$22="بله",1+پارامترها!$B$21,1)) | AF13: =IF($A13="","",$O13+$P13+$Q13) | AG13: =IF($A13="","",($U13-$V13)*$C13)
J14: =IF($A14="","",$B14*$C14*پارامترها!$B$6) | K14: =IF($A14="","",$D14*پارامترها!$B$13*پارامترها!$B$6) | L14: =IF($A14="","",$J14*پارامترها!$B$14) | M14: =IF($A14="","",$J14+$K14+$L14) | N14: =IF($A14="","",$M14*پارامترها!$B$15) | O14: =IF($A14="","",$D14*پارامترها!$B$16) | P14: =IF($A14="","",پارامترها!$B$19*IF(پارامترها!$B$20="وزن",IF(SUM($D$5:$D$29)=0,0,$D14/SUM($D$5:$D$29)),IF(SUMPRODUCT($B$5:$B$29,$C$5:$C$29)=0,0,$B14*$C14/SUMPRODUCT($B$5:$B$29,$C$5:$C$29)))) | Q14: =IF($A14="","",$E14*$C14) | R14: =IF($A14="","",($M14+$N14)*پارامترها!$B$21) | S14: =IF($A14="","",$J14+$K14+$L14+$N14+$O14+$P14+$Q14+IF(پارامترها!$B$22="بله",$R14,0)) | T14: =IF($A14="","",IF($C14=0,0,$S14/$C14)) | U14: =IF($A14="","",$G14/(1+پارامترها!$B$21)) | V14: =IF($A14="","",$U14*$H14) | W14: =IF($A14="","",$U14-$T14-$V14) | X14: =IF($A14="","",IF($U14=0,0,$W14/$U14)) | Y14: =IF($A14="","",$W14*$C14) | Z14: =IF($A14="","",IF($H14>=1,0,$T14/(1-$H14)*(1+پارامترها!$B$21))) | AA14: =IF($A14="","",IF($AE14=0,0,($AG14-$AF14)/$AE14)) | AB14: =IF($A14="","",IF(پارامترها!$B$6=0,0,($AA14-پارامترها!$B$6)/پارامترها!$B$6)) | AC14: =IF($A14="","",IF(OR($S14=0,$I14=0),0,$Y14/$S14*365/$I14)) | AD14: =IF($A14="","",IF($F14=0,0,($G14-$F14)/$F14)) | AE14: =IF($A14="","",($B14*$C14*(1+پارامترها!$B$14)+$D14*پارامترها!$B$13)*(1+پارامترها!$B$15)*IF(پارامترها!$B$22="بله",1+پارامترها!$B$21,1)) | AF14: =IF($A14="","",$O14+$P14+$Q14) | AG14: =IF($A14="","",($U14-$V14)*$C14)
J15: =IF($A15="","",$B15*$C15*پارامترها!$B$6) | K15: =IF($A15="","",$D15*پارامترها!$B$13*پارامترها!$B$6) | L15: =IF($A15="","",$J15*پارامترها!$B$14) | M15: =IF($A15="","",$J15+$K15+$L15) | N15: =IF($A15="","",$M15*پارامترها!$B$15) | O15: =IF($A15="","",$D15*پارامترها!$B$16) | P15: =IF($A15="","",پارامترها!$B$19*IF(پارامترها!$B$20="وزن",IF(SUM($D$5:$D$29)=0,0,$D15/SUM($D$5:$D$29)),IF(SUMPRODUCT($B$5:$B$29,$C$5:$C$29)=0,0,$B15*$C15/SUMPRODUCT($B$5:$B$29,$C$5:$C$29)))) | Q15: =IF($A15="","",$E15*$C15) | R15: =IF($A15="","",($M15+$N15)*پارامترها!$B$21) | S15: =IF($A15="","",$J15+$K15+$L15+$N15+$O15+$P15+$Q15+IF(پارامترها!$B$22="بله",$R15,0)) | T15: =IF($A15="","",IF($C15=0,0,$S15/$C15)) | U15: =IF($A15="","",$G15/(1+پارامترها!$B$21)) | V15: =IF($A15="","",$U15*$H15) | W15: =IF($A15="","",$U15-$T15-$V15) | X15: =IF($A15="","",IF($U15=0,0,$W15/$U15)) | Y15: =IF($A15="","",$W15*$C15) | Z15: =IF($A15="","",IF($H15>=1,0,$T15/(1-$H15)*(1+پارامترها!$B$21))) | AA15: =IF($A15="","",IF($AE15=0,0,($AG15-$AF15)/$AE15)) | AB15: =IF($A15="","",IF(پارامترها!$B$6=0,0,($AA15-پارامترها!$B$6)/پارامترها!$B$6)) | AC15: =IF($A15="","",IF(OR($S15=0,$I15=0),0,$Y15/$S15*365/$I15)) | AD15: =IF($A15="","",IF($F15=0,0,($G15-$F15)/$F15)) | AE15: =IF($A15="","",($B15*$C15*(1+پارامترها!$B$14)+$D15*پارامترها!$B$13)*(1+پارامترها!$B$15)*IF(پارامترها!$B$22="بله",1+پارامترها!$B$21,1)) | AF15: =IF($A15="","",$O15+$P15+$Q15) | AG15: =IF($A15="","",($U15-$V15)*$C15)
J16: =IF($A16="","",$B16*$C16*پارامترها!$B$6) | K16: =IF($A16="","",$D16*پارامترها!$B$13*پارامترها!$B$6) | L16: =IF($A16="","",$J16*پارامترها!$B$14) | M16: =IF($A16="","",$J16+$K16+$L16) | N16: =IF($A16="","",$M16*پارامترها!$B$15) | O16: =IF($A16="","",$D16*پارامترها!$B$16) | P16: =IF($A16="","",پارامترها!$B$19*IF(پارامترها!$B$20="وزن",IF(SUM($D$5:$D$29)=0,0,$D16/SUM($D$5:$D$29)),IF(SUMPRODUCT($B$5:$B$29,$C$5:$C$29)=0,0,$B16*$C16/SUMPRODUCT($B$5:$B$29,$C$5:$C$29)))) | Q16: =IF($A16="","",$E16*$C16) | R16: =IF($A16="","",($M16+$N16)*پارامترها!$B$21) | S16: =IF($A16="","",$J16+$K16+$L16+$N16+$O16+$P16+$Q16+IF(پارامترها!$B$22="بله",$R16,0)) | T16: =IF($A16="","",IF($C16=0,0,$S16/$C16)) | U16: =IF($A16="","",$G16/(1+پارامترها!$B$21)) | V16: =IF($A16="","",$U16*$H16) | W16: =IF($A16="","",$U16-$T16-$V16) | X16: =IF($A16="","",IF($U16=0,0,$W16/$U16)) | Y16: =IF($A16="","",$W16*$C16) | Z16: =IF($A16="","",IF($H16>=1,0,$T16/(1-$H16)*(1+پارامترها!$B$21))) | AA16: =IF($A16="","",IF($AE16=0,0,($AG16-$AF16)/$AE16)) | AB16: =IF($A16="","",IF(پارامترها!$B$6=0,0,($AA16-پارامترها!$B$6)/پارامترها!$B$6)) | AC16: =IF($A16="","",IF(OR($S16=0,$I16=0),0,$Y16/$S16*365/$I16)) | AD16: =IF($A16="","",IF($F16=0,0,($G16-$F16)/$F16)) | AE16: =IF($A16="","",($B16*$C16*(1+پارامترها!$B$14)+$D16*پارامترها!$B$13)*(1+پارامترها!$B$15)*IF(پارامترها!$B$22="بله",1+پارامترها!$B$21,1)) | AF16: =IF($A16="","",$O16+$P16+$Q16) | AG16: =IF($A16="","",($U16-$V16)*$C16)
J17: =IF($A17="","",$B17*$C17*پارامترها!$B$6) | K17: =IF($A17="","",$D17*پارامترها!$B$13*پارامترها!$B$6) | L17: =IF($A17="","",$J17*پارامترها!$B$14) | M17: =IF($A17="","",$J17+$K17+$L17) | N17: =IF($A17="","",$M17*پارامترها!$B$15) | O17: =IF($A17="","",$D17*پارامترها!$B$16) | P17: =IF($A17="","",پارامترها!$B$19*IF(پارامترها!$B$20="وزن",IF(SUM($D$5:$D$29)=0,0,$D17/SUM($D$5:$D$29)),IF(SUMPRODUCT($B$5:$B$29,$C$5:$C$29)=0,0,$B17*$C17/SUMPRODUCT($B$5:$B$29,$C$5:$C$29)))) | Q17: =IF($A17="","",$E17*$C17) | R17: =IF($A17="","",($M17+$N17)*پارامترها!$B$21) | S17: =IF($A17="","",$J17+$K17+$L17+$N17+$O17+$P17+$Q17+IF(پارامترها!$B$22="بله",$R17,0)) | T17: =IF($A17="","",IF($C17=0,0,$S17/$C17)) | U17: =IF($A17="","",$G17/(1+پارامترها!$B$21)) | V17: =IF($A17="","",$U17*$H17) | W17: =IF($A17="","",$U17-$T17-$V17) | X17: =IF($A17="","",IF($U17=0,0,$W17/$U17)) | Y17: =IF($A17="","",$W17*$C17) | Z17: =IF($A17="","",IF($H17>=1,0,$T17/(1-$H17)*(1+پارامترها!$B$21))) | AA17: =IF($A17="","",IF($AE17=0,0,($AG17-$AF17)/$AE17)) | AB17: =IF($A17="","",IF(پارامترها!$B$6=0,0,($AA17-پارامترها!$B$6)/پارامترها!$B$6)) | AC17: =IF($A17="","",IF(OR($S17=0,$I17=0),0,$Y17/$S17*365/$I17)) | AD17: =IF($A17="","",IF($F17=0,0,($G17-$F17)/$F17)) | AE17: =IF($A17="","",($B17*$C17*(1+پارامترها!$B$14)+$D17*پارامترها!$B$13)*(1+پارامترها!$B$15)*IF(پارامترها!$B$22="بله",1+پارامترها!$B$21,1)) | AF17: =IF($A17="","",$O17+$P17+$Q17) | AG17: =IF($A17="","",($U17-$V17)*$C17)
J18: =IF($A18="","",$B18*$C18*پارامترها!$B$6) | K18: =IF($A18="","",$D18*پارامترها!$B$13*پارامترها!$B$6) | L18: =IF($A18="","",$J18*پارامترها!$B$14) | M18: =IF($A18="","",$J18+$K18+$L18) | N18: =IF($A18="","",$M18*پارامترها!$B$15) | O18: =IF($A18="","",$D18*پارامترها!$B$16) | P18: =IF($A18="","",پارامترها!$B$19*IF(پارامترها!$B$20="وزن",IF(SUM($D$5:$D$29)=0,0,$D18/SUM($D$5:$D$29)),IF(SUMPRODUCT($B$5:$B$29,$C$5:$C$29)=0,0,$B18*$C18/SUMPRODUCT($B$5:$B$29,$C$5:$C$29)))) | Q18: =IF($A18="","",$E18*$C18) | R18: =IF($A18="","",($M18+$N18)*پارامترها!$B$21) | S18: =IF($A18="","",$J18+$K18+$L18+$N18+$O18+$P18+$Q18+IF(پارامترها!$B$22="بله",$R18,0)) | T18: =IF($A18="","",IF($C18=0,0,$S18/$C18)) | U18: =IF($A18="","",$G18/(1+پارامترها!$B$21)) | V18: =IF($A18="","",$U18*$H18) | W18: =IF($A18="","",$U18-$T18-$V18) | X18: =IF($A18="","",IF($U18=0,0,$W18/$U18)) | Y18: =IF($A18="","",$W18*$C18) | Z18: =IF($A18="","",IF($H18>=1,0,$T18/(1-$H18)*(1+پارامترها!$B$21))) | AA18: =IF($A18="","",IF($AE18=0,0,($AG18-$AF18)/$AE18)) | AB18: =IF($A18="","",IF(پارامترها!$B$6=0,0,($AA18-پارامترها!$B$6)/پارامترها!$B$6)) | AC18: =IF($A18="","",IF(OR($S18=0,$I18=0),0,$Y18/$S18*365/$I18)) | AD18: =IF($A18="","",IF($F18=0,0,($G18-$F18)/$F18)) | AE18: =IF($A18="","",($B18*$C18*(1+پارامترها!$B$14)+$D18*پارامترها!$B$13)*(1+پارامترها!$B$15)*IF(پارامترها!$B$22="بله",1+پارامترها!$B$21,1)) | AF18: =IF($A18="","",$O18+$P18+$Q18) | AG18: =IF($A18="","",($U18-$V18)*$C18)
J19: =IF($A19="","",$B19*$C19*پارامترها!$B$6) | K19: =IF($A19="","",$D19*پارامترها!$B$13*پارامترها!$B$6) | L19: =IF($A19="","",$J19*پارامترها!$B$14) | M19: =IF($A19="","",$J19+$K19+$L19) | N19: =IF($A19="","",$M19*پارامترها!$B$15) | O19: =IF($A19="","",$D19*پارامترها!$B$16) | P19: =IF($A19="","",پارامترها!$B$19*IF(پارامترها!$B$20="وزن",IF(SUM($D$5:$D$29)=0,0,$D19/SUM($D$5:$D$29)),IF(SUMPRODUCT($B$5:$B$29,$C$5:$C$29)=0,0,$B19*$C19/SUMPRODUCT($B$5:$B$29,$C$5:$C$29)))) | Q19: =IF($A19="","",$E19*$C19) | R19: =IF($A19="","",($M19+$N19)*پارامترها!$B$21) | S19: =IF($A19="","",$J19+$K19+$L19+$N19+$O19+$P19+$Q19+IF(پارامترها!$B$22="بله",$R19,0)) | T19: =IF($A19="","",IF($C19=0,0,$S19/$C19)) | U19: =IF($A19="","",$G19/(1+پارامترها!$B$21)) | V19: =IF($A19="","",$U19*$H19) | W19: =IF($A19="","",$U19-$T19-$V19) | X19: =IF($A19="","",IF($U19=0,0,$W19/$U19)) | Y19: =IF($A19="","",$W19*$C19) | Z19: =IF($A19="","",IF($H19>=1,0,$T19/(1-$H19)*(1+پارامترها!$B$21))) | AA19: =IF($A19="","",IF($AE19=0,0,($AG19-$AF19)/$AE19)) | AB19: =IF($A19="","",IF(پارامترها!$B$6=0,0,($AA19-پارامترها!$B$6)/پارامترها!$B$6)) | AC19: =IF($A19="","",IF(OR($S19=0,$I19=0),0,$Y19/$S19*365/$I19)) | AD19: =IF($A19="","",IF($F19=0,0,($G19-$F19)/$F19)) | AE19: =IF($A19="","",($B19*$C19*(1+پارامترها!$B$14)+$D19*پارامترها!$B$13)*(1+پارامترها!$B$15)*IF(پارامترها!$B$22="بله",1+پارامترها!$B$21,1)) | AF19: =IF($A19="","",$O19+$P19+$Q19) | AG19: =IF($A19="","",($U19-$V19)*$C19)
J20: =IF($A20="","",$B20*$C20*پارامترها!$B$6) | K20: =IF($A20="","",$D20*پارامترها!$B$13*پارامترها!$B$6) | L20: =IF($A20="","",$J20*پارامترها!$B$14) | M20: =IF($A20="","",$J20+$K20+$L20) | N20: =IF($A20="","",$M20*پارامترها!$B$15) | O20: =IF($A20="","",$D20*پارامترها!$B$16) | P20: =IF($A20="","",پارامترها!$B$19*IF(پارامترها!$B$20="وزن",IF(SUM($D$5:$D$29)=0,0,$D20/SUM($D$5:$D$29)),IF(SUMPRODUCT($B$5:$B$29,$C$5:$C$29)=0,0,$B20*$C20/SUMPRODUCT($B$5:$B$29,$C$5:$C$29)))) | Q20: =IF($A20="","",$E20*$C20) | R20: =IF($A20="","",($M20+$N20)*پارامترها!$B$21) | S20: =IF($A20="","",$J20+$K20+$L20+$N20+$O20+$P20+$Q20+IF(پارامترها!$B$22="بله",$R20,0)) | T20: =IF($A20="","",IF($C20=0,0,$S20/$C20)) | U20: =IF($A20="","",$G20/(1+پارامترها!$B$21)) | V20: =IF($A20="","",$U20*$H20) | W20: =IF($A20="","",$U20-$T20-$V20) | X20: =IF($A20="","",IF($U20=0,0,$W20/$U20)) | Y20: =IF($A20="","",$W20*$C20) | Z20: =IF($A20="","",IF($H20>=1,0,$T20/(1-$H20)*(1+پارامترها!$B$21))) | AA20: =IF($A20="","",IF($AE20=0,0,($AG20-$AF20)/$AE20)) | AB20: =IF($A20="","",IF(پارامترها!$B$6=0,0,($AA20-پارامترها!$B$6)/پارامترها!$B$6)) | AC20: =IF($A20="","",IF(OR($S20=0,$I20=0),0,$Y20/$S20*365/$I20)) | AD20: =IF($A20="","",IF($F20=0,0,($G20-$F20)/$F20)) | AE20: =IF($A20="","",($B20*$C20*(1+پارامترها!$B$14)+$D20*پارامترها!$B$13)*(1+پارامترها!$B$15)*IF(پارامترها!$B$22="بله",1+پارامترها!$B$21,1)) | AF20: =IF($A20="","",$O20+$P20+$Q20) | AG20: =IF($A20="","",($U20-$V20)*$C20)
J21: =IF($A21="","",$B21*$C21*پارامترها!$B$6) | K21: =IF($A21="","",$D21*پارامترها!$B$13*پارامترها!$B$6) | L21: =IF($A21="","",$J21*پارامترها!$B$14) | M21: =IF($A21="","",$J21+$K21+$L21) | N21: =IF($A21="","",$M21*پارامترها!$B$15) | O21: =IF($A21="","",$D21*پارامترها!$B$16) | P21: =IF($A21="","",پارامترها!$B$19*IF(پارامترها!$B$20="وزن",IF(SUM($D$5:$D$29)=0,0,$D21/SUM($D$5:$D$29)),IF(SUMPRODUCT($B$5:$B$29,$C$5:$C$29)=0,0,$B21*$C21/SUMPRODUCT($B$5:$B$29,$C$5:$C$29)))) | Q21: =IF($A21="","",$E21*$C21) | R21: =IF($A21="","",($M21+$N21)*پارامترها!$B$21) | S21: =IF($A21="","",$J21+$K21+$L21+$N21+$O21+$P21+$Q21+IF(پارامترها!$B$22="بله",$R21,0)) | T21: =IF($A21="","",IF($C21=0,0,$S21/$C21)) | U21: =IF($A21="","",$G21/(1+پارامترها!$B$21)) | V21: =IF($A21="","",$U21*$H21) | W21: =IF($A21="","",$U21-$T21-$V21) | X21: =IF($A21="","",IF($U21=0,0,$W21/$U21)) | Y21: =IF($A21="","",$W21*$C21) | Z21: =IF($A21="","",IF($H21>=1,0,$T21/(1-$H21)*(1+پارامترها!$B$21))) | AA21: =IF($A21="","",IF($AE21=0,0,($AG21-$AF21)/$AE21)) | AB21: =IF($A21="","",IF(پارامترها!$B$6=0,0,($AA21-پارامترها!$B$6)/پارامترها!$B$6)) | AC21: =IF($A21="","",IF(OR($S21=0,$I21=0),0,$Y21/$S21*365/$I21)) | AD21: =IF($A21="","",IF($F21=0,0,($G21-$F21)/$F21)) | AE21: =IF($A21="","",($B21*$C21*(1+پارامترها!$B$14)+$D21*پارامترها!$B$13)*(1+پارامترها!$B$15)*IF(پارامترها!$B$22="بله",1+پارامترها!$B$21,1)) | AF21: =IF($A21="","",$O21+$P21+$Q21) | AG21: =IF($A21="","",($U21-$V21)*$C21)
... J29: =IF($A29="","",$B29*$C29*پارامترها!$B$6) | K29: =IF($A29="","",$D29*پارامترها!$B$13*پارامترها!$B$6) | L29: =IF($A29="","",$J29*پارامترها!$B$14) | M29: =IF($A29="","",$J29+$K29+$L29) | N29: =IF($A29="","",$M29*پارامترها!$B$15) | O29: =IF($A29="","",$D29*پارامترها!$B$16) | P29: =IF($A29="","",پارامترها!$B$19*IF(پارامترها!$B$20="وزن",IF(SUM($D$5:$D$29)=0,0,$D29/SUM($D$5:$D$29)),IF(SUMPRODUCT($B$5:$B$29,$C$5:$C$29)=0,0,$B29*$C29/SUMPRODUCT($B$5:$B$29,$C$5:$C$29)))) | Q29: =IF($A29="","",$E29*$C29) | R29: =IF($A29="","",($M29+$N29)*پارامترها!$B$21) | S29: =IF($A29="","",$J29+$K29+$L29+$N29+$O29+$P29+$Q29+IF(پارامترها!$B$22="بله",$R29,0)) | T29: =IF($A29="","",IF($C29=0,0,$S29/$C29)) | U29: =IF($A29="","",$G29/(1+پارامترها!$B$21)) | V29: =IF($A29="","",$U29*$H29) | W29: =IF($A29="","",$U29-$T29-$V29) | X29: =IF($A29="","",IF($U29=0,0,$W29/$U29)) | Y29: =IF($A29="","",$W29*$C29) | Z29: =IF($A29="","",IF($H29>=1,0,$T29/(1-$H29)*(1+پارامترها!$B$21))) | AA29: =IF($A29="","",IF($AE29=0,0,($AG29-$AF29)/$AE29)) | AB29: =IF($A29="","",IF(پارامترها!$B$6=0,0,($AA29-پارامترها!$B$6)/پارامترها!$B$6)) | AC29: =IF($A29="","",IF(OR($S29=0,$I29=0),0,$Y29/$S29*365/$I29)) | AD29: =IF($A29="","",IF($F29=0,0,($G29-$F29)/$F29)) | AE29: =IF($A29="","",($B29*$C29*(1+پارامترها!$B$14)+$D29*پارامترها!$B$13)*(1+پارامترها!$B$15)*IF(پارامترها!$B$22="بله",1+پارامترها!$B$21,1)) | AF29: =IF($A29="","",$O29+$P29+$Q29) | AG29: =IF($A29="","",($U29-$V29)*$C29)
A30: جمع | C30: =SUM(C5:C29) -> 3400 | D30: =SUM(D5:D29) -> 170 | E30: =SUM(E5:E29) -> 1900000 | F30: =SUM(F5:F29) -> 211200000 | G30: =SUM(G5:G29) -> 195500000 | J30: =SUM(J5:J29) -> 27744026800 | K30: =SUM(K5:K29) -> 133083650 | L30: =SUM(L5:L29) -> 138720134 | M30: =SUM(M5:M29) -> 28015830584 | N30: =SUM(N5:N29) -> 1.1206332e+10 | O30: =SUM(O5:O29) -> 20400000 | P30: =SUM(P5:P29) -> 1350000000 | Q30: =SUM(Q5:Q29) -> 1140000000 | ... S30: =SUM(S5:S29) -> 4.1732563e+10 | X30: =IF(SUMPRODUCT($U$5:$U$29,$C$5:$C$29)=0,0,$Y$30/SUMPRODUCT($U$5:$U$29,$C$5:$C$29)) -> 0.43707555 | Y30: =SUM(Y5:Y29) -> 4.1184437e+10 | AE30: =SUM(AE5:AE29) -> 125255.2 | AF30: =SUM(AF5:AF29) -> 2510400000 | AG30: =SUM(AG5:AG29) -> 82917000000
A32: ستون‌های «کمکی» (AE تا AG) برای حل معادله نرخ سربه‌سر لازم‌اند: بهای تمام‌شده = A×نرخ درهم + B. می‌توانید آن‌ها را پنهان کنید اما حذف نکنید.

Sheet خلاصه
A1: خلاصه محموله
A3: سرمایه و حجم | B3: ریال | C3: تومان
A4: ارزش خرید از دبی (درهم) | B4: =SUMPRODUCT(کالاها!$B$5:$B$29,کالاها!$C$5:$C$29) -> 88600 | D4: قیمت خرید × تعداد، جمع همه کالاها
A5: وزن کل محموله (کیلوگرم) | B5: =کالاها!$D$30 -> 170
A6: بهای تمام‌شده کالا (بدون VAT) | B6: =کالاها!$S$30 -> 4.1732563e+10 | C6: =$B6/10 -> 4.1732563e+09 | D6: کالا + کرایه + بیمه + حقوق ورودی + حمل داخلی + ترخیص + جانبی
A7: ارزش افزوده گمرک | B7: =کالاها!$R$30 -> 3.9222163e+09 | C7: =$B7/10 -> 3.9222163e+08 | D7: اگر مؤدی ثبت‌نام‌شده باشید با VAT فروش تهاتر می‌شود
A8: کل وجه پرداختی (سرمایه لازم) | B8: =کالاها!$S$30+IF(پارامترها!$B$22="بله",0,کالاها!$R$30) -> 4.5654779e+10 | C8: =$B8/10 -> 4.5654779e+09 | D8: نقدینگی‌ای که باید تأمین شود
A10: فروش و سود | B10: ریال | C10: تومان
A11: فروش خالص (بدون VAT) | B11: =SUMPRODUCT(کالاها!$U$5:$U$29,کالاها!$C$5:$C$29) -> 9.4227273e+10 | C11: =$B11/10 -> 9.4227273e+09
A12: سود ناخالص | B12: =کالاها!$Y$30 -> 4.1184437e+10 | C12: =$B12/10 -> 4.1184437e+09 | D12: پس از کسر بهای تمام‌شده و هزینه فروش
A13: حاشیه سود کل | B13: =IF($B11=0,0,$B12/$B11) -> 0.43707555 | D13: سود ÷ فروش خالص
A14: بازده سرمایه (ROI) | B14: =IF(کالاها!$S$30=0,0,کالاها!$Y$30/کالاها!$S$30) -> 0.98686576 | D14: سود ÷ بهای تمام‌شده
A15: میانگین روز درگیری سرمایه | B15: =IF(کالاها!$S$30=0,0,SUMPRODUCT(کالاها!$I$5:$I$29,کالاها!$S$5:$S$29)/کالاها!$S$30) -> 79.69891 | D15: میانگین وزنی بر مبنای سرمایه هر کالا
A16: بازده سالانه‌شده | B16: =IF($B15=0,0,$B14*365/$B15) -> 4.519585 | D16: بازده × ۳۶۵ ÷ روز. فرض می‌کند سرمایه بلافاصله دوباره به کار می‌افتد.
A18: ریسک ارزی
A19: نرخ درهم سربه‌سر کل سبد (ریال) | B19: =IF(کالاها!$AE$30=0,0,(کالاها!$AG$30-کالاها!$AF$30)/کالاها!$AE$30) -> 641942.21 | D19: بالاتر از این نرخ، کل محموله با قیمت‌های فروش فعلی زیان‌ده می‌شود.
A20: نرخ درهم امروز (ریال) | B20: =پارامترها!$B$6 -> 313138
A21: حاشیه امنیت ارزی | B21: =IF(پارامترها!$B$6=0,0,($B19-پارامترها!$B$6)/پارامترها!$B$6) -> 1.0500297 | D21: ریال تا این درصد می‌تواند بی‌ارزش شود و هنوز ضرر نکنید.
A22: اثر تغییر نرخ از روز خرید تا امروز | B22: =(پارامترها!$B$6-پارامترها!$B$9)*کالاها!$AE$30 -> 0 | C22: =$B22/10 -> 0 | D22: اگر همین محموله را امروز دوباره بخرید، این مبلغ گران‌تر تمام می‌شود.
A23: سود واقعی پس از جایگزینی محموله | B23: =کالاها!$Y$30-(پارامترها!$B$6-پارامترها!$B$9)*کالاها!$AE$30 -> 4.1184437e+10 | C23: =$B23/10 -> 4.1184437e+09 | D23: سودی که واقعاً قابل برداشت است، نه سود دفتری.
A25: حساسیت سود به نرخ درهم
A26: تغییر نرخ | B26: نرخ درهم (ریال) | C26: بهای تمام‌شده کل (ریال) | D26: سود کل (ریال) | E26: حاشیه سود
A27: -0.2 | B27: =پارامترها!$B$6*(1+$A27) -> 250510.4 | C27: =کالاها!$AE$30*$B27+کالاها!$AF$30 -> 3.388813e+10 | D27: =کالاها!$AG$30-$C27 -> 4.902887e+10 | E27: =IF(SUMPRODUCT(کالاها!$U$5:$U$29,کالاها!$C$5:$C$29)=0,0,$D27/SUMPRODUCT(کالاها!$U$5:$U$29,کالاها!$C$5:$C$29)) -> 0.52032568
A28: -0.1 | B28: =پارامترها!$B$6*(1+$A28) -> 281824.2 | C28: =کالاها!$AE$30*$B28+کالاها!$AF$30 -> 3.7810347e+10 | D28: =کالاها!$AG$30-$C28 -> 4.5106653e+10 | E28: =IF(SUMPRODUCT(کالاها!$U$5:$U$29,کالاها!$C$5:$C$29)=0,0,$D28/SUMPRODUCT(کالاها!$U$5:$U$29,کالاها!$C$5:$C$29)) -> 0.47870062
A29: 0 | B29: =پارامترها!$B$6*(1+$A29) -> 313138 | C29: =کالاها!$AE$30*$B29+کالاها!$AF$30 -> 4.1732563e+10 | D29: =کالاها!$AG$30-$C29 -> 4.1184437e+10 | E29: =IF(SUMPRODUCT(کالاها!$U$5:$U$29,کالاها!$C$5:$C$29)=0,0,$D29/SUMPRODUCT(کالاها!$U$5:$U$29,کالاها!$C$5:$C$29)) -> 0.43707555
A30: 0.1 | B30: =پارامترها!$B$6*(1+$A30) -> 344451.8 | C30: =کالاها!$AE$30*$B30+کالاها!$AF$30 -> 4.5654779e+10 | D30: =کالاها!$AG$30-$C30 -> 3.7262221e+10 | E30: =IF(SUMPRODUCT(کالاها!$U$5:$U$29,کالاها!$C$5:$C$29)=0,0,$D30/SUMPRODUCT(کالاها!$U$5:$U$29,کالاها!$C$5:$C$29)) -> 0.39545049
A31: 0.2 | B31: =پارامترها!$B$6*(1+$A31) -> 375765.6 | C31: =کالاها!$AE$30*$B31+کالاها!$AF$30 -> 4.9576995e+10 | D31: =کالاها!$AG$30-$C31 -> 3.3340005e+10 | E31: =IF(SUMPRODUCT(کالاها!$U$5:$U$29,کالاها!$C$5:$C$29)=0,0,$D31/SUMPRODUCT(کالاها!$U$5:$U$29,کالاها!$C$5:$C$29)) -> 0.35382542
A32: 0.3 | B32: =پارامترها!$B$6*(1+$A32) -> 407079.4 | C32: =کالاها!$AE$30*$B32+کالاها!$AF$30 -> 5.3499212e+10 | D32: =کالاها!$AG$30-$C32 -> 2.9417788e+10 | E32: =IF(SUMPRODUCT(کالاها!$U$5:$U$29,کالاها!$C$5:$C$29)=0,0,$D32/SUMPRODUCT(کالاها!$U$5:$U$29,کالاها!$C$5:$C$29)) -> 0.31220036
A33: 0.4 | B33: =پارامترها!$B$6*(1+$A33) -> 438393.2 | C33: =کالاها!$AE$30*$B33+کالاها!$AF$30 -> 5.7421428e+10 | D33: =کالاها!$AG$30-$C33 -> 2.5495572e+10 | E33: =IF(SUMPRODUCT(کالاها!$U$5:$U$29,کالاها!$C$5:$C$29)=0,0,$D33/SUMPRODUCT(کالاها!$U$5:$U$29,کالاها!$C$5:$C$29)) -> 0.27057529
A34: 0.5 | B34: =پارامترها!$B$6*(1+$A34) -> 469707 | C34: =کالاها!$AE$30*$B34+کالاها!$AF$30 -> 6.1343644e+10 | D34: =کالاها!$AG$30-$C34 -> 2.1573356e+10 | E34: =IF(SUMPRODUCT(کالاها!$U$5:$U$29,کالاها!$C$5:$C$29)=0,0,$D34/SUMPRODUCT(کالاها!$U$5:$U$29,کالاها!$C$5:$C$29)) -> 0.22895023
A36: توجه: «بازده سالانه‌شده» فرض می‌کند سرمایه بلافاصله در محموله بعدی به کار می‌افتد. در عمل فاصله بین محموله‌ها این عدد را کم می‌کند.
A37: همه اعداد بر پایه نرخ ارز شیت «پارامترها» است. پیش از هر تصمیم، نرخ روز و تعرفه گمرکی را تأیید کنید.

Sheet راهنما
A1: راهنمای استفاده
A3: ۱ — نرخ ارز را وارد کنید | B3: در شیت «پارامترها» سلول B6 (درهم → ریال) را با نرخ بازار آزاد روز پر کنید. همه محاسبات از همین‌جا می‌آید.
A4: ۲ — پارامترهای محموله | B4: کرایه، بیمه، حقوق ورودی، حمل داخلی و هزینه‌های ترخیص را وارد کنید. این‌ها برای کل محموله مشترک‌اند.
A5: ۳ — کالاها را ثبت کنید | B5: در شیت «کالاها» ستون‌های A تا I (زمینه زرد) را پر کنید. تا ۲۵ کالا آماده است؛ ردیف‌های خالی نادیده گرفته می‌شوند.
A6: ۴ — نتیجه را بخوانید | B6: ستون T بهای تمام‌شده هر واحد، ستون X حاشیه سود و ستون AA نرخ درهمی است که در آن آن کالا سربه‌سر می‌شود.
A7: ۵ — خلاصه | B7: شیت «خلاصه» سرمایه لازم، سود، بازده و ریسک ارزی کل محموله را نشان می‌دهد.
A9: مسیر هزینه | B9: دبی (خرید به درهم) ← حمل دریایی ← بندرعباس ← گمرک (حقوق ورودی + ارزش افزوده) ← حمل جاده‌ای ← تهران
A11: بهای تمام‌شده چیست؟ | B11: کالا + کرایه دریایی + بیمه + حقوق ورودی گمرک + حمل داخلی + سهم ترخیص و هزینه‌های مقطوع + هزینه‌های جانبی.
A12: سرشکن‌کردن | B12: هزینه‌های مقطوع (ترخیص، انبارداری، مجوز) بر مبنای وزن یا ارزش بین کالاها تقسیم می‌شود — در سلول B20 انتخاب کنید.
A13: ارزش افزوده | B13: قیمت فروش را «با ارزش افزوده» وارد کنید؛ فایل خودش آن را کنار می‌گذارد تا سود واقعی به دست آید.
A14: نرخ درهم سربه‌سر | B14: چون بخشی از هزینه‌ها ارزی و بخشی ریالی است، بهای تمام‌شده به‌صورت خطی به نرخ درهم وابسته است: بهای تمام‌شده = A×نرخ + B. حل این معادله نرخی را می‌دهد که در آن سود صفر می‌شود.
A15: ریسک ارزی | B15: سود دفتری با نرخ روز خرید حساب می‌شود، اما محموله بعدی را با نرخ امروز می‌خرید. شیت «خلاصه» تفاوت این دو را نشان می‌دهد — همان چیزی که در تورم ارزی سرمایه را می‌خورد.
A17: هشدار | B17: همه اعداد پیش‌فرض نمونه‌اند. نرخ ارز را از صرافی و درصد حقوق ورودی را از ترخیص‌کار خود بگیرید.
