Workbook

Sheet ارز و هزینه‌ها
A1: حساب‌کتاب واردات — ارز و هزینه‌ها
A2: فقط خانه‌های زرد را پر کنید. بقیه خودکار حساب می‌شوند.
A4: ۱ — ارز
A5: قیمت دلار (تومان) | B5: 115000 | D5: نرخ بازار آزاد امروز. تنها نرخی که باید دستی وارد کنید.
A7: قیمت بقیه ارزها از روی دلار حساب می‌شود:
A8: ارز | B8: واحد به ازای ۱ دلار | C8: قیمت هر واحد (تومان)
A9: دلار | B9: 1 | C9: =IF($B9=0,0,$B$5/$B9) -> 115000
A10: درهم | B10: 3.6725 | C10: =IF($B10=0,0,$B$5/$B10) -> 31313.819
A11: یوان | B11: 7.1 | C11: =IF($B11=0,0,$B$5/$B11) -> 16197.183
A12: یورو | B12: 0.92 | C12: =IF($B12=0,0,$B$5/$B12) -> 125000
A13: لیر | B13: 34 | C13: =IF($B13=0,0,$B$5/$B13) -> 3382.3529
A14: پوند | B14: 0.79 | C14: =IF($B14=0,0,$B$5/$B14) -> 145569.62
A15: روبل | B15: 90 | C15: =IF($B15=0,0,$B$5/$B15) -> 1277.7778
A16: تومان | B16: 1 | C16: 1 | D16: برای هزینه‌هایی که به تومان پرداخت شده‌اند.
A18: ۲ — هزینه آوردن جنس تا ایران
A19: این مبالغ مال کل محموله است، نه هر کالا.
A20: هزینه | B20: مبلغ | C20: ارز
A21: کرایه حمل تا ایران | B21: 1800 | C21: دلار | D21: دریایی، زمینی یا هوایی — مبلغ کل
A22: ترخیص و گمرک | B22: 1400000000 | C22: تومان | D22: هرچه بابت گمرک و ترخیص‌کار دادید، یک‌جا
A23: سایر هزینه‌ها | B23: 95000000 | C23: تومان | D23: انبار، حمل داخلی، بسته‌بندی، مجوز
A25: تقسیم هزینه بین کالاها بر اساس | B25: قیمت کالا | D25: «قیمت کالا» یا «وزن کالا» — از فهرست انتخاب کنید.
A26: سود دلخواه (٪) | B26: 0.35 | D26: مبنای ستون «قیمت پیشنهادی» در شیت کالاها.
A28: راهنمای رنگ‌ها
A29: زرد = شما پر می‌کنید.
A30: خاکستری = فرمول؛ دست نزنید.
A32: قیمت دلار را از صرافی بگیرید. نرخ رسمی یا نیما را وارد نکنید — بهای تمام‌شده چند برابر کمتر از واقعیت درمی‌آید.

Sheet کالاها
A1: کالاها
A2: ستون‌های زرد (A تا F) را پر کنید؛ بقیه خودکار حساب می‌شوند.
A4: نام کالا | B4: ارز خرید | C4: قیمت خرید هر عدد | D4: تعداد | E4: وزن کل (کیلوگرم) | F4: قیمت فروش هر عدد (تومان) | G4: قیمت ارز (تومان) | H4: ارزش خرید (تومان) | I4: سهم از هزینه‌ها | J4: کرایه حمل (تومان) | K4: ترخیص و گمرک (تومان) | L4: سایر (تومان) | M4: بهای تمام‌شده کل (تومان) | N4: بهای تمام‌شده هر عدد | O4: سود هر عدد (تومان) | P4: درصد سود | Q4: سود کل (تومان) | R4: کمترین قیمت بدون ضرر | S4: قیمت پیشنهادی
A5: کرم پودر | B5: درهم | C5: 32 | D5: 600 | E5: 42 | F5: 2610000 | G5: =IF($A5="","",INDEX('ارز و هزینه‌ها'!$C$9:$C$16,MATCH($B5,'ارز و هزینه‌ها'!$A$9:$A$16,0))) -> 31313.819 | H5: =IF($A5="","",$C5*$D5*$G5) -> 6.0122532e+08 | I5: =IF($A5="","",IF('ارز و هزینه‌ها'!$B$25="وزن کالا",IF(SUM($E$5:$E$29)=0,0,$E5/SUM($E$5:$E$29)),IF(SUM($H$5:$H$29)=0,0,$H5/SUM($H$5:$H$29)))) -> 0.21657904 | J5: =IF($A5="","",'ارز و هزینه‌ها'!$B$21*INDEX('ارز و هزینه‌ها'!$C$9:$C$16,MATCH('ارز و هزینه‌ها'!$C$21,'ارز و هزینه‌ها'!$A$9:$A$16,0))*$I5) -> 44831862 | K5: =IF($A5="","",'ارز و هزینه‌ها'!$B$22*INDEX('ارز و هزینه‌ها'!$C$9:$C$16,MATCH('ارز و هزینه‌ها'!$C$22,'ارز و هزینه‌ها'!$A$9:$A$16,0))*$I5) -> 3.0321066e+08 | L5: =IF($A5="","",'ارز و هزینه‌ها'!$B$23*INDEX('ارز و هزینه‌ها'!$C$9:$C$16,MATCH('ارز و هزینه‌ها'!$C$23,'ارز و هزینه‌ها'!$A$9:$A$16,0))*$I5) -> 20575009 | M5: =IF($A5="","",$H5+$J5+$K5+$L5) -> 9.6984286e+08 | N5: =IF($A5="","",IF($D5=0,0,$M5/$D5)) -> 1616404.8 | O5: =IF($A5="","",$F5-$N5) -> 993595.24 | P5: =IF($A5="","",IF($F5=0,0,$O5/$F5)) -> 0.38068783 | Q5: =IF($A5="","",$O5*$D5) -> 5.9615714e+08 | R5: =IF($A5="","",$N5) -> 1616404.8 | S5: =IF($A5="","",IF(1-'ارز و هزینه‌ها'!$B$26<=0,0,$N5/(1-'ارز و هزینه‌ها'!$B$26))) -> 2486776.6
A6: رژ لب | B6: درهم | C6: 14 | D6: 1200 | E6: 30 | F6: 1140000 | G6: =IF($A6="","",INDEX('ارز و هزینه‌ها'!$C$9:$C$16,MATCH($B6,'ارز و هزینه‌ها'!$A$9:$A$16,0))) -> 31313.819 | H6: =IF($A6="","",$C6*$D6*$G6) -> 5.2607216e+08 | I6: =IF($A6="","",IF('ارز و هزینه‌ها'!$B$25="وزن کالا",IF(SUM($E$5:$E$29)=0,0,$E6/SUM($E$5:$E$29)),IF(SUM($H$5:$H$29)=0,0,$H6/SUM($H$5:$H$29)))) -> 0.18950666 | J6: =IF($A6="","",'ارز و هزینه‌ها'!$B$21*INDEX('ارز و هزینه‌ها'!$C$9:$C$16,MATCH('ارز و هزینه‌ها'!$C$21,'ارز و هزینه‌ها'!$A$9:$A$16,0))*$I6) -> 39227879 | K6: =IF($A6="","",'ارز و هزینه‌ها'!$B$22*INDEX('ارز و هزینه‌ها'!$C$9:$C$16,MATCH('ارز و هزینه‌ها'!$C$22,'ارز و هزینه‌ها'!$A$9:$A$16,0))*$I6) -> 2.6530933e+08 | L6: =IF($A6="","",'ارز و هزینه‌ها'!$B$23*INDEX('ارز و هزینه‌ها'!$C$9:$C$16,MATCH('ارز و هزینه‌ها'!$C$23,'ارز و هزینه‌ها'!$A$9:$A$16,0))*$I6) -> 18003133 | M6: =IF($A6="","",$H6+$J6+$K6+$L6) -> 8.486125e+08 | N6: =IF($A6="","",IF($D6=0,0,$M6/$D6)) -> 707177.08 | O6: =IF($A6="","",$F6-$N6) -> 432822.92 | P6: =IF($A6="","",IF($F6=0,0,$O6/$F6)) -> 0.37966922 | Q6: =IF($A6="","",$O6*$D6) -> 5.193875e+08 | R6: =IF($A6="","",$N6) -> 707177.08 | S6: =IF($A6="","",IF(1-'ارز و هزینه‌ها'!$B$26<=0,0,$N6/(1-'ارز و هزینه‌ها'!$B$26))) -> 1087964.7
A7: پالت سایه | B7: دلار | C7: 13 | D7: 300 | E7: 39 | F7: 3890000 | G7: =IF($A7="","",INDEX('ارز و هزینه‌ها'!$C$9:$C$16,MATCH($B7,'ارز و هزینه‌ها'!$A$9:$A$16,0))) -> 115000 | H7: =IF($A7="","",$C7*$D7*$G7) -> 448500000 | I7: =IF($A7="","",IF('ارز و هزینه‌ها'!$B$25="وزن کالا",IF(SUM($E$5:$E$29)=0,0,$E7/SUM($E$5:$E$29)),IF(SUM($H$5:$H$29)=0,0,$H7/SUM($H$5:$H$29)))) -> 0.16156289 | J7: =IF($A7="","",'ارز و هزینه‌ها'!$B$21*INDEX('ارز و هزینه‌ها'!$C$9:$C$16,MATCH('ارز و هزینه‌ها'!$C$21,'ارز و هزینه‌ها'!$A$9:$A$16,0))*$I7) -> 33443519 | K7: =IF($A7="","",'ارز و هزینه‌ها'!$B$22*INDEX('ارز و هزینه‌ها'!$C$9:$C$16,MATCH('ارز و هزینه‌ها'!$C$22,'ارز و هزینه‌ها'!$A$9:$A$16,0))*$I7) -> 2.2618805e+08 | L7: =IF($A7="","",'ارز و هزینه‌ها'!$B$23*INDEX('ارز و هزینه‌ها'!$C$9:$C$16,MATCH('ارز و هزینه‌ها'!$C$23,'ارز و هزینه‌ها'!$A$9:$A$16,0))*$I7) -> 15348475 | M7: =IF($A7="","",$H7+$J7+$K7+$L7) -> 7.2348004e+08 | N7: =IF($A7="","",IF($D7=0,0,$M7/$D7)) -> 2411600.1 | O7: =IF($A7="","",$F7-$N7) -> 1478399.9 | P7: =IF($A7="","",IF($F7=0,0,$O7/$F7)) -> 0.38005138 | Q7: =IF($A7="","",$O7*$D7) -> 4.4351996e+08 | R7: =IF($A7="","",$N7) -> 2411600.1 | S7: =IF($A7="","",IF(1-'ارز و هزینه‌ها'!$B$26<=0,0,$N7/(1-'ارز و هزینه‌ها'!$B$26))) -> 3710154.1
A8: سرم ویتامین ث | B8: دلار | C8: 15 | D8: 400 | E8: 32 | F8: 4490000 | G8: =IF($A8="","",INDEX('ارز و هزینه‌ها'!$C$9:$C$16,MATCH($B8,'ارز و هزینه‌ها'!$A$9:$A$16,0))) -> 115000 | H8: =IF($A8="","",$C8*$D8*$G8) -> 690000000 | I8: =IF($A8="","",IF('ارز و هزینه‌ها'!$B$25="وزن کالا",IF(SUM($E$5:$E$29)=0,0,$E8/SUM($E$5:$E$29)),IF(SUM($H$5:$H$29)=0,0,$H8/SUM($H$5:$H$29)))) -> 0.24855829 | J8: =IF($A8="","",'ارز و هزینه‌ها'!$B$21*INDEX('ارز و هزینه‌ها'!$C$9:$C$16,MATCH('ارز و هزینه‌ها'!$C$21,'ارز و هزینه‌ها'!$A$9:$A$16,0))*$I8) -> 51451567 | K8: =IF($A8="","",'ارز و هزینه‌ها'!$B$22*INDEX('ارز و هزینه‌ها'!$C$9:$C$16,MATCH('ارز و هزینه‌ها'!$C$22,'ارز و هزینه‌ها'!$A$9:$A$16,0))*$I8) -> 3.4798161e+08 | L8: =IF($A8="","",'ارز و هزینه‌ها'!$B$23*INDEX('ارز و هزینه‌ها'!$C$9:$C$16,MATCH('ارز و هزینه‌ها'!$C$23,'ارز و هزینه‌ها'!$A$9:$A$16,0))*$I8) -> 23613038 | M8: =IF($A8="","",$H8+$J8+$K8+$L8) -> 1.1130462e+09 | N8: =IF($A8="","",IF($D8=0,0,$M8/$D8)) -> 2782615.5 | O8: =IF($A8="","",$F8-$N8) -> 1707384.5 | P8: =IF($A8="","",IF($F8=0,0,$O8/$F8)) -> 0.3802638 | Q8: =IF($A8="","",$O8*$D8) -> 6.8295378e+08 | R8: =IF($A8="","",$N8) -> 2782615.5 | S8: =IF($A8="","",IF(1-'ارز و هزینه‌ها'!$B$26<=0,0,$N8/(1-'ارز و هزینه‌ها'!$B$26))) -> 4280947
A9: ریمل | B9: یوان | C9: 35 | D9: 900 | E9: 27 | F9: 1470000 | G9: =IF($A9="","",INDEX('ارز و هزینه‌ها'!$C$9:$C$16,MATCH($B9,'ارز و هزینه‌ها'!$A$9:$A$16,0))) -> 16197.183 | H9: =IF($A9="","",$C9*$D9*$G9) -> 5.1021127e+08 | I9: =IF($A9="","",IF('ارز و هزینه‌ها'!$B$25="وزن کالا",IF(SUM($E$5:$E$29)=0,0,$E9/SUM($E$5:$E$29)),IF(SUM($H$5:$H$29)=0,0,$H9/SUM($H$5:$H$29)))) -> 0.18379311 | J9: =IF($A9="","",'ارز و هزینه‌ها'!$B$21*INDEX('ارز و هزینه‌ها'!$C$9:$C$16,MATCH('ارز و هزینه‌ها'!$C$21,'ارز و هزینه‌ها'!$A$9:$A$16,0))*$I9) -> 38045173 | K9: =IF($A9="","",'ارز و هزینه‌ها'!$B$22*INDEX('ارز و هزینه‌ها'!$C$9:$C$16,MATCH('ارز و هزینه‌ها'!$C$22,'ارز و هزینه‌ها'!$A$9:$A$16,0))*$I9) -> 2.5731035e+08 | L9: =IF($A9="","",'ارز و هزینه‌ها'!$B$23*INDEX('ارز و هزینه‌ها'!$C$9:$C$16,MATCH('ارز و هزینه‌ها'!$C$23,'ارز و هزینه‌ها'!$A$9:$A$16,0))*$I9) -> 17460345 | M9: =IF($A9="","",$H9+$J9+$K9+$L9) -> 8.2302713e+08 | N9: =IF($A9="","",IF($D9=0,0,$M9/$D9)) -> 914474.59 | O9: =IF($A9="","",$F9-$N9) -> 555525.41 | P9: =IF($A9="","",IF($F9=0,0,$O9/$F9)) -> 0.37790844 | Q9: =IF($A9="","",$O9*$D9) -> 4.9997287e+08 | R9: =IF($A9="","",$N9) -> 914474.59 | S9: =IF($A9="","",IF(1-'ارز و هزینه‌ها'!$B$26<=0,0,$N9/(1-'ارز و هزینه‌ها'!$B$26))) -> 1406884
G10: =IF($A10="","",INDEX('ارز و هزینه‌ها'!$C$9:$C$16,MATCH($B10,'ارز و هزینه‌ها'!$A$9:$A$16,0))) | H10: =IF($A10="","",$C10*$D10*$G10) | I10: =IF($A10="","",IF('ارز و هزینه‌ها'!$B$25="وزن کالا",IF(SUM($E$5:$E$29)=0,0,$E10/SUM($E$5:$E$29)),IF(SUM($H$5:$H$29)=0,0,$H10/SUM($H$5:$H$29)))) | J10: =IF($A10="","",'ارز و هزینه‌ها'!$B$21*INDEX('ارز و هزینه‌ها'!$C$9:$C$16,MATCH('ارز و هزینه‌ها'!$C$21,'ارز و هزینه‌ها'!$A$9:$A$16,0))*$I10) | K10: =IF($A10="","",'ارز و هزینه‌ها'!$B$22*INDEX('ارز و هزینه‌ها'!$C$9:$C$16,MATCH('ارز و هزینه‌ها'!$C$22,'ارز و هزینه‌ها'!$A$9:$A$16,0))*$I10) | L10: =IF($A10="","",'ارز و هزینه‌ها'!$B$23*INDEX('ارز و هزینه‌ها'!$C$9:$C$16,MATCH('ارز و هزینه‌ها'!$C$23,'ارز و هزینه‌ها'!$A$9:$A$16,0))*$I10) | M10: =IF($A10="","",$H10+$J10+$K10+$L10) | N10: =IF($A10="","",IF($D10=0,0,$M10/$D10)) | O10: =IF($A10="","",$F10-$N10) | P10: =IF($A10="","",IF($F10=0,0,$O10/$F10)) | Q10: =IF($A10="","",$O10*$D10) | R10: =IF($A10="","",$N10) | S10: =IF($A10="","",IF(1-'ارز و هزینه‌ها'!$B$26<=0,0,$N10/(1-'ارز و هزینه‌ها'!$B$26)))
G11: =IF($A11="","",INDEX('ارز و هزینه‌ها'!$C$9:$C$16,MATCH($B11,'ارز و هزینه‌ها'!$A$9:$A$16,0))) | H11: =IF($A11="","",$C11*$D11*$G11) | I11: =IF($A11="","",IF('ارز و هزینه‌ها'!$B$25="وزن کالا",IF(SUM($E$5:$E$29)=0,0,$E11/SUM($E$5:$E$29)),IF(SUM($H$5:$H$29)=0,0,$H11/SUM($H$5:$H$29)))) | J11: =IF($A11="","",'ارز و هزینه‌ها'!$B$21*INDEX('ارز و هزینه‌ها'!$C$9:$C$16,MATCH('ارز و هزینه‌ها'!$C$21,'ارز و هزینه‌ها'!$A$9:$A$16,0))*$I11) | K11: =IF($A11="","",'ارز و هزینه‌ها'!$B$22*INDEX('ارز و هزینه‌ها'!$C$9:$C$16,MATCH('ارز و هزینه‌ها'!$C$22,'ارز و هزینه‌ها'!$A$9:$A$16,0))*$I11) | L11: =IF($A11="","",'ارز و هزینه‌ها'!$B$23*INDEX('ارز و هزینه‌ها'!$C$9:$C$16,MATCH('ارز و هزینه‌ها'!$C$23,'ارز و هزینه‌ها'!$A$9:$A$16,0))*$I11) | M11: =IF($A11="","",$H11+$J11+$K11+$L11) | N11: =IF($A11="","",IF($D11=0,0,$M11/$D11)) | O11: =IF($A11="","",$F11-$N11) | P11: =IF($A11="","",IF($F11=0,0,$O11/$F11)) | Q11: =IF($A11="","",$O11*$D11) | R11: =IF($A11="","",$N11) | S11: =IF($A11="","",IF(1-'ارز و هزینه‌ها'!$B$26<=0,0,$N11/(1-'ارز و هزینه‌ها'!$B$26)))
G12: =IF($A12="","",INDEX('ارز و هزینه‌ها'!$C$9:$C$16,MATCH($B12,'ارز و هزینه‌ها'!$A$9:$A$16,0))) | H12: =IF($A12="","",$C12*$D12*$G12) | I12: =IF($A12="","",IF('ارز و هزینه‌ها'!$B$25="وزن کالا",IF(SUM($E$5:$E$29)=0,0,$E12/SUM($E$5:$E$29)),IF(SUM($H$5:$H$29)=0,0,$H12/SUM($H$5:$H$29)))) | J12: =IF($A12="","",'ارز و هزینه‌ها'!$B$21*INDEX('ارز و هزینه‌ها'!$C$9:$C$16,MATCH('ارز و هزینه‌ها'!$C$21,'ارز و هزینه‌ها'!$A$9:$A$16,0))*$I12) | K12: =IF($A12="","",'ارز و هزینه‌ها'!$B$22*INDEX('ارز و هزینه‌ها'!$C$9:$C$16,MATCH('ارز و هزینه‌ها'!$C$22,'ارز و هزینه‌ها'!$A$9:$A$16,0))*$I12) | L12: =IF($A12="","",'ارز و هزینه‌ها'!$B$23*INDEX('ارز و هزینه‌ها'!$C$9:$C$16,MATCH('ارز و هزینه‌ها'!$C$23,'ارز و هزینه‌ها'!$A$9:$A$16,0))*$I12) | M12: =IF($A12="","",$H12+$J12+$K12+$L12) | N12: =IF($A12="","",IF($D12=0,0,$M12/$D12)) | O12: =IF($A12="","",$F12-$N12) | P12: =IF($A12="","",IF($F12=0,0,$O12/$F12)) | Q12: =IF($A12="","",$O12*$D12) | R12: =IF($A12="","",$N12) | S12: =IF($A12="","",IF(1-'ارز و هزینه‌ها'!$B$26<=0,0,$N12/(1-'ارز و هزینه‌ها'!$B$26)))
G13: =IF($A13="","",INDEX('ارز و هزینه‌ها'!$C$9:$C$16,MATCH($B13,'ارز و هزینه‌ها'!$A$9:$A$16,0))) | H13: =IF($A13="","",$C13*$D13*$G13) | I13: =IF($A13="","",IF('ارز و هزینه‌ها'!$B$25="وزن کالا",IF(SUM($E$5:$E$29)=0,0,$E13/SUM($E$5:$E$29)),IF(SUM($H$5:$H$29)=0,0,$H13/SUM($H$5:$H$29)))) | J13: =IF($A13="","",'ارز و هزینه‌ها'!$B$21*INDEX('ارز و هزینه‌ها'!$C$9:$C$16,MATCH('ارز و هزینه‌ها'!$C$21,'ارز و هزینه‌ها'!$A$9:$A$16,0))*$I13) | K13: =IF($A13="","",'ارز و هزینه‌ها'!$B$22*INDEX('ارز و هزینه‌ها'!$C$9:$C$16,MATCH('ارز و هزینه‌ها'!$C$22,'ارز و هزینه‌ها'!$A$9:$A$16,0))*$I13) | L13: =IF($A13="","",'ارز و هزینه‌ها'!$B$23*INDEX('ارز و هزینه‌ها'!$C$9:$C$16,MATCH('ارز و هزینه‌ها'!$C$23,'ارز و هزینه‌ها'!$A$9:$A$16,0))*$I13) | M13: =IF($A13="","",$H13+$J13+$K13+$L13) | N13: =IF($A13="","",IF($D13=0,0,$M13/$D13)) | O13: =IF($A13="","",$F13-$N13) | P13: =IF($A13="","",IF($F13=0,0,$O13/$F13)) | Q13: =IF($A13="","",$O13*$D13) | R13: =IF($A13="","",$N13) | S13: =IF($A13="","",IF(1-'ارز و هزینه‌ها'!$B$26<=0,0,$N13/(1-'ارز و هزینه‌ها'!$B$26)))
G14: =IF($A14="","",INDEX('ارز و هزینه‌ها'!$C$9:$C$16,MATCH($B14,'ارز و هزینه‌ها'!$A$9:$A$16,0))) | H14: =IF($A14="","",$C14*$D14*$G14) | I14: =IF($A14="","",IF('ارز و هزینه‌ها'!$B$25="وزن کالا",IF(SUM($E$5:$E$29)=0,0,$E14/SUM($E$5:$E$29)),IF(SUM($H$5:$H$29)=0,0,$H14/SUM($H$5:$H$29)))) | J14: =IF($A14="","",'ارز و هزینه‌ها'!$B$21*INDEX('ارز و هزینه‌ها'!$C$9:$C$16,MATCH('ارز و هزینه‌ها'!$C$21,'ارز و هزینه‌ها'!$A$9:$A$16,0))*$I14) | K14: =IF($A14="","",'ارز و هزینه‌ها'!$B$22*INDEX('ارز و هزینه‌ها'!$C$9:$C$16,MATCH('ارز و هزینه‌ها'!$C$22,'ارز و هزینه‌ها'!$A$9:$A$16,0))*$I14) | L14: =IF($A14="","",'ارز و هزینه‌ها'!$B$23*INDEX('ارز و هزینه‌ها'!$C$9:$C$16,MATCH('ارز و هزینه‌ها'!$C$23,'ارز و هزینه‌ها'!$A$9:$A$16,0))*$I14) | M14: =IF($A14="","",$H14+$J14+$K14+$L14) | N14: =IF($A14="","",IF($D14=0,0,$M14/$D14)) | O14: =IF($A14="","",$F14-$N14) | P14: =IF($A14="","",IF($F14=0,0,$O14/$F14)) | Q14: =IF($A14="","",$O14*$D14) | R14: =IF($A14="","",$N14) | S14: =IF($A14="","",IF(1-'ارز و هزینه‌ها'!$B$26<=0,0,$N14/(1-'ارز و هزینه‌ها'!$B$26)))
G15: =IF($A15="","",INDEX('ارز و هزینه‌ها'!$C$9:$C$16,MATCH($B15,'ارز و هزینه‌ها'!$A$9:$A$16,0))) | H15: =IF($A15="","",$C15*$D15*$G15) | I15: =IF($A15="","",IF('ارز و هزینه‌ها'!$B$25="وزن کالا",IF(SUM($E$5:$E$29)=0,0,$E15/SUM($E$5:$E$29)),IF(SUM($H$5:$H$29)=0,0,$H15/SUM($H$5:$H$29)))) | J15: =IF($A15="","",'ارز و هزینه‌ها'!$B$21*INDEX('ارز و هزینه‌ها'!$C$9:$C$16,MATCH('ارز و هزینه‌ها'!$C$21,'ارز و هزینه‌ها'!$A$9:$A$16,0))*$I15) | K15: =IF($A15="","",'ارز و هزینه‌ها'!$B$22*INDEX('ارز و هزینه‌ها'!$C$9:$C$16,MATCH('ارز و هزینه‌ها'!$C$22,'ارز و هزینه‌ها'!$A$9:$A$16,0))*$I15) | L15: =IF($A15="","",'ارز و هزینه‌ها'!$B$23*INDEX('ارز و هزینه‌ها'!$C$9:$C$16,MATCH('ارز و هزینه‌ها'!$C$23,'ارز و هزینه‌ها'!$A$9:$A$16,0))*$I15) | M15: =IF($A15="","",$H15+$J15+$K15+$L15) | N15: =IF($A15="","",IF($D15=0,0,$M15/$D15)) | O15: =IF($A15="","",$F15-$N15) | P15: =IF($A15="","",IF($F15=0,0,$O15/$F15)) | Q15: =IF($A15="","",$O15*$D15) | R15: =IF($A15="","",$N15) | S15: =IF($A15="","",IF(1-'ارز و هزینه‌ها'!$B$26<=0,0,$N15/(1-'ارز و هزینه‌ها'!$B$26)))
G16: =IF($A16="","",INDEX('ارز و هزینه‌ها'!$C$9:$C$16,MATCH($B16,'ارز و هزینه‌ها'!$A$9:$A$16,0))) | H16: =IF($A16="","",$C16*$D16*$G16) | I16: =IF($A16="","",IF('ارز و هزینه‌ها'!$B$25="وزن کالا",IF(SUM($E$5:$E$29)=0,0,$E16/SUM($E$5:$E$29)),IF(SUM($H$5:$H$29)=0,0,$H16/SUM($H$5:$H$29)))) | J16: =IF($A16="","",'ارز و هزینه‌ها'!$B$21*INDEX('ارز و هزینه‌ها'!$C$9:$C$16,MATCH('ارز و هزینه‌ها'!$C$21,'ارز و هزینه‌ها'!$A$9:$A$16,0))*$I16) | K16: =IF($A16="","",'ارز و هزینه‌ها'!$B$22*INDEX('ارز و هزینه‌ها'!$C$9:$C$16,MATCH('ارز و هزینه‌ها'!$C$22,'ارز و هزینه‌ها'!$A$9:$A$16,0))*$I16) | L16: =IF($A16="","",'ارز و هزینه‌ها'!$B$23*INDEX('ارز و هزینه‌ها'!$C$9:$C$16,MATCH('ارز و هزینه‌ها'!$C$23,'ارز و هزینه‌ها'!$A$9:$A$16,0))*$I16) | M16: =IF($A16="","",$H16+$J16+$K16+$L16) | N16: =IF($A16="","",IF($D16=0,0,$M16/$D16)) | O16: =IF($A16="","",$F16-$N16) | P16: =IF($A16="","",IF($F16=0,0,$O16/$F16)) | Q16: =IF($A16="","",$O16*$D16) | R16: =IF($A16="","",$N16) | S16: =IF($A16="","",IF(1-'ارز و هزینه‌ها'!$B$26<=0,0,$N16/(1-'ارز و هزینه‌ها'!$B$26)))
G17: =IF($A17="","",INDEX('ارز و هزینه‌ها'!$C$9:$C$16,MATCH($B17,'ارز و هزینه‌ها'!$A$9:$A$16,0))) | H17: =IF($A17="","",$C17*$D17*$G17) | I17: =IF($A17="","",IF('ارز و هزینه‌ها'!$B$25="وزن کالا",IF(SUM($E$5:$E$29)=0,0,$E17/SUM($E$5:$E$29)),IF(SUM($H$5:$H$29)=0,0,$H17/SUM($H$5:$H$29)))) | J17: =IF($A17="","",'ارز و هزینه‌ها'!$B$21*INDEX('ارز و هزینه‌ها'!$C$9:$C$16,MATCH('ارز و هزینه‌ها'!$C$21,'ارز و هزینه‌ها'!$A$9:$A$16,0))*$I17) | K17: =IF($A17="","",'ارز و هزینه‌ها'!$B$22*INDEX('ارز و هزینه‌ها'!$C$9:$C$16,MATCH('ارز و هزینه‌ها'!$C$22,'ارز و هزینه‌ها'!$A$9:$A$16,0))*$I17) | L17: =IF($A17="","",'ارز و هزینه‌ها'!$B$23*INDEX('ارز و هزینه‌ها'!$C$9:$C$16,MATCH('ارز و هزینه‌ها'!$C$23,'ارز و هزینه‌ها'!$A$9:$A$16,0))*$I17) | M17: =IF($A17="","",$H17+$J17+$K17+$L17) | N17: =IF($A17="","",IF($D17=0,0,$M17/$D17)) | O17: =IF($A17="","",$F17-$N17) | P17: =IF($A17="","",IF($F17=0,0,$O17/$F17)) | Q17: =IF($A17="","",$O17*$D17) | R17: =IF($A17="","",$N17) | S17: =IF($A17="","",IF(1-'ارز و هزینه‌ها'!$B$26<=0,0,$N17/(1-'ارز و هزینه‌ها'!$B$26)))
G18: =IF($A18="","",INDEX('ارز و هزینه‌ها'!$C$9:$C$16,MATCH($B18,'ارز و هزینه‌ها'!$A$9:$A$16,0))) | H18: =IF($A18="","",$C18*$D18*$G18) | I18: =IF($A18="","",IF('ارز و هزینه‌ها'!$B$25="وزن کالا",IF(SUM($E$5:$E$29)=0,0,$E18/SUM($E$5:$E$29)),IF(SUM($H$5:$H$29)=0,0,$H18/SUM($H$5:$H$29)))) | J18: =IF($A18="","",'ارز و هزینه‌ها'!$B$21*INDEX('ارز و هزینه‌ها'!$C$9:$C$16,MATCH('ارز و هزینه‌ها'!$C$21,'ارز و هزینه‌ها'!$A$9:$A$16,0))*$I18) | K18: =IF($A18="","",'ارز و هزینه‌ها'!$B$22*INDEX('ارز و هزینه‌ها'!$C$9:$C$16,MATCH('ارز و هزینه‌ها'!$C$22,'ارز و هزینه‌ها'!$A$9:$A$16,0))*$I18) | L18: =IF($A18="","",'ارز و هزینه‌ها'!$B$23*INDEX('ارز و هزینه‌ها'!$C$9:$C$16,MATCH('ارز و هزینه‌ها'!$C$23,'ارز و هزینه‌ها'!$A$9:$A$16,0))*$I18) | M18: =IF($A18="","",$H18+$J18+$K18+$L18) | N18: =IF($A18="","",IF($D18=0,0,$M18/$D18)) | O18: =IF($A18="","",$F18-$N18) | P18: =IF($A18="","",IF($F18=0,0,$O18/$F18)) | Q18: =IF($A18="","",$O18*$D18) | R18: =IF($A18="","",$N18) | S18: =IF($A18="","",IF(1-'ارز و هزینه‌ها'!$B$26<=0,0,$N18/(1-'ارز و هزینه‌ها'!$B$26)))
G19: =IF($A19="","",INDEX('ارز و هزینه‌ها'!$C$9:$C$16,MATCH($B19,'ارز و هزینه‌ها'!$A$9:$A$16,0))) | H19: =IF($A19="","",$C19*$D19*$G19) | I19: =IF($A19="","",IF('ارز و هزینه‌ها'!$B$25="وزن کالا",IF(SUM($E$5:$E$29)=0,0,$E19/SUM($E$5:$E$29)),IF(SUM($H$5:$H$29)=0,0,$H19/SUM($H$5:$H$29)))) | J19: =IF($A19="","",'ارز و هزینه‌ها'!$B$21*INDEX('ارز و هزینه‌ها'!$C$9:$C$16,MATCH('ارز و هزینه‌ها'!$C$21,'ارز و هزینه‌ها'!$A$9:$A$16,0))*$I19) | K19: =IF($A19="","",'ارز و هزینه‌ها'!$B$22*INDEX('ارز و هزینه‌ها'!$C$9:$C$16,MATCH('ارز و هزینه‌ها'!$C$22,'ارز و هزینه‌ها'!$A$9:$A$16,0))*$I19) | L19: =IF($A19="","",'ارز و هزینه‌ها'!$B$23*INDEX('ارز و هزینه‌ها'!$C$9:$C$16,MATCH('ارز و هزینه‌ها'!$C$23,'ارز و هزینه‌ها'!$A$9:$A$16,0))*$I19) | M19: =IF($A19="","",$H19+$J19+$K19+$L19) | N19: =IF($A19="","",IF($D19=0,0,$M19/$D19)) | O19: =IF($A19="","",$F19-$N19) | P19: =IF($A19="","",IF($F19=0,0,$O19/$F19)) | Q19: =IF($A19="","",$O19*$D19) | R19: =IF($A19="","",$N19) | S19: =IF($A19="","",IF(1-'ارز و هزینه‌ها'!$B$26<=0,0,$N19/(1-'ارز و هزینه‌ها'!$B$26)))
G20: =IF($A20="","",INDEX('ارز و هزینه‌ها'!$C$9:$C$16,MATCH($B20,'ارز و هزینه‌ها'!$A$9:$A$16,0))) | H20: =IF($A20="","",$C20*$D20*$G20) | I20: =IF($A20="","",IF('ارز و هزینه‌ها'!$B$25="وزن کالا",IF(SUM($E$5:$E$29)=0,0,$E20/SUM($E$5:$E$29)),IF(SUM($H$5:$H$29)=0,0,$H20/SUM($H$5:$H$29)))) | J20: =IF($A20="","",'ارز و هزینه‌ها'!$B$21*INDEX('ارز و هزینه‌ها'!$C$9:$C$16,MATCH('ارز و هزینه‌ها'!$C$21,'ارز و هزینه‌ها'!$A$9:$A$16,0))*$I20) | K20: =IF($A20="","",'ارز و هزینه‌ها'!$B$22*INDEX('ارز و هزینه‌ها'!$C$9:$C$16,MATCH('ارز و هزینه‌ها'!$C$22,'ارز و هزینه‌ها'!$A$9:$A$16,0))*$I20) | L20: =IF($A20="","",'ارز و هزینه‌ها'!$B$23*INDEX('ارز و هزینه‌ها'!$C$9:$C$16,MATCH('ارز و هزینه‌ها'!$C$23,'ارز و هزینه‌ها'!$A$9:$A$16,0))*$I20) | M20: =IF($A20="","",$H20+$J20+$K20+$L20) | N20: =IF($A20="","",IF($D20=0,0,$M20/$D20)) | O20: =IF($A20="","",$F20-$N20) | P20: =IF($A20="","",IF($F20=0,0,$O20/$F20)) | Q20: =IF($A20="","",$O20*$D20) | R20: =IF($A20="","",$N20) | S20: =IF($A20="","",IF(1-'ارز و هزینه‌ها'!$B$26<=0,0,$N20/(1-'ارز و هزینه‌ها'!$B$26)))
G21: =IF($A21="","",INDEX('ارز و هزینه‌ها'!$C$9:$C$16,MATCH($B21,'ارز و هزینه‌ها'!$A$9:$A$16,0))) | H21: =IF($A21="","",$C21*$D21*$G21) | I21: =IF($A21="","",IF('ارز و هزینه‌ها'!$B$25="وزن کالا",IF(SUM($E$5:$E$29)=0,0,$E21/SUM($E$5:$E$29)),IF(SUM($H$5:$H$29)=0,0,$H21/SUM($H$5:$H$29)))) | J21: =IF($A21="","",'ارز و هزینه‌ها'!$B$21*INDEX('ارز و هزینه‌ها'!$C$9:$C$16,MATCH('ارز و هزینه‌ها'!$C$21,'ارز و هزینه‌ها'!$A$9:$A$16,0))*$I21) | K21: =IF($A21="","",'ارز و هزینه‌ها'!$B$22*INDEX('ارز و هزینه‌ها'!$C$9:$C$16,MATCH('ارز و هزینه‌ها'!$C$22,'ارز و هزینه‌ها'!$A$9:$A$16,0))*$I21) | L21: =IF($A21="","",'ارز و هزینه‌ها'!$B$23*INDEX('ارز و هزینه‌ها'!$C$9:$C$16,MATCH('ارز و هزینه‌ها'!$C$23,'ارز و هزینه‌ها'!$A$9:$A$16,0))*$I21) | M21: =IF($A21="","",$H21+$J21+$K21+$L21) | N21: =IF($A21="","",IF($D21=0,0,$M21/$D21)) | O21: =IF($A21="","",$F21-$N21) | P21: =IF($A21="","",IF($F21=0,0,$O21/$F21)) | Q21: =IF($A21="","",$O21*$D21) | R21: =IF($A21="","",$N21) | S21: =IF($A21="","",IF(1-'ارز و هزینه‌ها'!$B$26<=0,0,$N21/(1-'ارز و هزینه‌ها'!$B$26)))
... G29: =IF($A29="","",INDEX('ارز و هزینه‌ها'!$C$9:$C$16,MATCH($B29,'ارز و هزینه‌ها'!$A$9:$A$16,0))) | H29: =IF($A29="","",$C29*$D29*$G29) | I29: =IF($A29="","",IF('ارز و هزینه‌ها'!$B$25="وزن کالا",IF(SUM($E$5:$E$29)=0,0,$E29/SUM($E$5:$E$29)),IF(SUM($H$5:$H$29)=0,0,$H29/SUM($H$5:$H$29)))) | J29: =IF($A29="","",'ارز و هزینه‌ها'!$B$21*INDEX('ارز و هزینه‌ها'!$C$9:$C$16,MATCH('ارز و هزینه‌ها'!$C$21,'ارز و هزینه‌ها'!$A$9:$A$16,0))*$I29) | K29: =IF($A29="","",'ارز و هزینه‌ها'!$B$22*INDEX('ارز و هزینه‌ها'!$C$9:$C$16,MATCH('ارز و هزینه‌ها'!$C$22,'ارز و هزینه‌ها'!$A$9:$A$16,0))*$I29) | L29: =IF($A29="","",'ارز و هزینه‌ها'!$B$23*INDEX('ارز و هزینه‌ها'!$C$9:$C$16,MATCH('ارز و هزینه‌ها'!$C$23,'ارز و هزینه‌ها'!$A$9:$A$16,0))*$I29) | M29: =IF($A29="","",$H29+$J29+$K29+$L29) | N29: =IF($A29="","",IF($D29=0,0,$M29/$D29)) | O29: =IF($A29="","",$F29-$N29) | P29: =IF($A29="","",IF($F29=0,0,$O29/$F29)) | Q29: =IF($A29="","",$O29*$D29) | R29: =IF($A29="","",$N29) | S29: =IF($A29="","",IF(1-'ارز و هزینه‌ها'!$B$26<=0,0,$N29/(1-'ارز و هزینه‌ها'!$B$26)))
A30: جمع | D30: =SUM(D5:D29) -> 3400 | E30: =SUM(E5:E29) -> 170 | H30: =SUM(H5:H29) -> 2.7760087e+09 | I30: =SUM(I5:I29) -> 1 | J30: =SUM(J5:J29) -> 207000000 | K30: =SUM(K5:K29) -> 1400000000 | L30: =SUM(L5:L29) -> 95000000 | M30: =SUM(M5:M29) -> 4.4780087e+09 | P30: =IF(SUMPRODUCT($F$5:$F$29,$D$5:$D$29)=0,0,$Q$30/SUMPRODUCT($F$5:$F$29,$D$5:$D$29)) -> 0.37977718 | Q30: =SUM(Q5:Q29) -> 2.7419913e+09
A32: «کمترین قیمت بدون ضرر» همان بهای تمام‌شده هر عدد است — پایین‌تر از آن یعنی ضرر.
A33: «قیمت پیشنهادی» قیمتی است که سود دلخواه شیت اول را می‌دهد.

Sheet راهنما
A1: راهنما
A3: ۱ — قیمت دلار | B3: در شیت «ارز و هزینه‌ها» خانه B5 را با نرخ بازار آزاد امروز پر کنید. قیمت درهم، یوان، یورو و بقیه ارزها خودشان از روی همین حساب می‌شوند، چون نسبتشان با دلار تقریباً ثابت است.
A4: ۲ — هزینه آوردن | B4: کرایه حمل، ترخیص و گمرک، و سایر هزینه‌ها را وارد کنید. هرکدام را می‌توانید به ارز خودش بنویسید. این مبالغ مال کل محموله است و ابزار خودش بین کالاها تقسیم می‌کند.
A5: ۳ — کالاها | B5: در شیت «کالاها» ستون‌های A تا F را پر کنید: نام، ارز خرید، قیمت هر عدد، تعداد، وزن کل، قیمت فروش. تا ۲۵ کالا آماده است و ردیف‌های خالی نادیده گرفته می‌شوند.
A7: بهای تمام‌شده یعنی چه | B7: قیمت خرید + سهم این کالا از کرایه حمل + سهم از ترخیص و گمرک + سهم از سایر هزینه‌ها. یعنی هر عدد از این کالا تا وقتی در انبار شما در ایران باشد، چند تمام شده.
A8: تقسیم هزینه‌ها | B8: هزینه‌های کل محموله باید بین کالاها پخش شود. با «قیمت کالا» جنس گران‌تر سهم بیشتری می‌گیرد، با «وزن کالا» جنس سنگین‌تر. اگر بیشتر هزینه‌تان کرایه است وزن را انتخاب کنید، اگر گمرک است قیمت را.
A9: قیمت پیشنهادی | B9: سود دلخواه را در شیت اول بگذارید؛ این ستون می‌گوید برای رسیدن به آن سود، هر عدد را چند بفروشید.
A11: هشدار | B11: همه اعداد پیش‌فرض نمونه‌اند. قیمت دلار را از صرافی و هزینه ترخیص را از ترخیص‌کار خودتان بگیرید. نرخ رسمی یا نیما را وارد نکنید.
